Date,High,Open,Close,Low,Change %
12/31/2021,144.85,146.05,146.7,144.85,-0.01
12/30/2021,146.2,146.69,147.3,145.99,0
12/29/2021,146.65,146.64,147.42,145.65,0
12/28/2021,146.69,148.24,148.3,146.05,-0.01
12/27/2021,147.91,147.26,148.34,147.17,0.01
12/23/2021,146.92,146.5,148.24,146.45,0
12/22/2021,146.41,143.07,146.5,143.07,0.02
12/21/2021,143.47,142.05,143.87,140.5,0.01
12/20/2021,141.61,140,141.77,139.32,0
12/17/2021,141.73,142.5,143.83,141.3,-0.02
12/16/2021,144.45,147.17,147.68,143.61,-0.01
12/15/2021,146.44,143.41,146.72,141.68,0.02
12/14/2021,143.91,143.97,144.48,141.21,-0.01
12/13/2021,145.83,147.78,147.97,145.52,-0.01
12/10/2021,148,148.7,148.98,146.7,0
12/9/2021,147.64,147.59,149.1,147.12,0
12/8/2021,148.19,147.6,148.39,146.41,0.01
12/7/2021,147.27,145.6,147.53,145.23,0.03
12/6/2021,143.15,143.04,143.85,140.15,0.01
12/3/2021,142,143.68,144.4,140.3,-0.01
12/2/2021,142.97,141.25,143.86,140.21,0.01
12/1/2021,141.05,144,145.95,140.91,-0.01
11/30/2021,141.9,145.01,146,141.6,-0.03
11/29/2021,145.53,144,146.3,143.89,0.02
11/26/2021,142.18,144.35,144.56,141.84,-0.03
11/24/2021,146.12,145.47,146.25,144.37,0
11/23/2021,145.78,146.15,146.66,144.12,0
11/22/2021,146.3,149.33,149.83,146.15,-0.02
11/19/2021,148.93,149.98,150.97,148.9,-0.01
11/18/2021,149.84,148.24,150.58,147.88,0.01
11/17/2021,148.05,148.03,148.56,147.24,0
11/16/2021,147.88,148.15,148.76,147.31,0
11/15/2021,148.45,148.9,149.55,147.57,0
11/12/2021,148.68,146.62,148.85,145.41,0.02
11/11/2021,145.77,146.49,147.54,145.6,0
11/10/2021,145.89,147.5,148.07,144.54,-0.02
11/9/2021,148.92,149.23,149.83,147.24,0
11/8/2021,149.03,149.82,150.61,148.43,0
11/5/2021,148.85,149.17,150.33,148.2,0
11/4/2021,148.27,147.12,149.73,146.31,0.01
11/3/2021,146.6,145.9,146.67,144.59,0.01
11/2/2021,145.43,144.58,146.61,144.34,0.01
11/1/2021,143.5,148.05,148.05,143.23,-0.03
10/29/2021,148.05,145.08,148.24,144.65,0.02
10/28/2021,145.85,147.13,147.16,144.63,0
10/27/2021,146.22,139.4,148.65,139.4,0.05
10/26/2021,139.31,139.26,140.08,138.3,0.01
10/25/2021,137.45,137.55,138,135.42,0
10/22/2021,137.57,139.15,140.58,136.06,-0.03
10/21/2021,141.89,141.77,142.16,140.5,0
10/20/2021,141.77,143.34,143.55,141.38,-0.01
10/19/2021,143.24,143.39,143.66,142.6,0
10/18/2021,142.78,141.08,142.8,141.07,0.01
10/15/2021,141.37,141.61,141.72,140.76,0
10/14/2021,141.15,139.47,141.34,138.82,0.03
10/13/2021,137.58,137.4,138,136.52,0.01
10/12/2021,136.45,139.48,139.51,135.76,-0.02
10/11/2021,138.91,139.29,140.71,138.86,-0.01
10/8/2021,139.79,139.58,140.33,139.22,0
10/7/2021,139.23,138.89,140.04,138.65,0.01
10/6/2021,137.57,134.75,137.75,134.55,0.01
10/5/2021,136.02,134.04,137.22,134.04,0.02
10/4/2021,133.66,135.96,135.96,131.05,-0.02
10/1/2021,136.54,134.45,136.91,134.07,0.02
9/30/2021,133.68,134.26,135.54,133.56,-0.01
9/29/2021,134.35,136.98,137.15,133.87,-0.01
9/28/2021,135.83,138.65,139.1,135.36,-0.04
9/27/2021,141.07,140.8,141.94,140.07,-0.01
9/24/2021,142.21,140.54,142.33,140.24,0.01
9/23/2021,141.22,140.99,141.7,140.4,0.01
9/22/2021,140.28,139.3,140.89,138.55,0.01
9/21/2021,139.03,139.75,140.01,138.28,0
9/20/2021,138.72,138.16,139,136.32,-0.01
9/17/2021,140.8,143.03,143.45,140.47,-0.02
9/16/2021,143.61,143.95,144.3,142.4,-0.01
9/15/2021,144.43,142.77,144.45,141.35,0.01
9/14/2021,142.54,143,143.36,141.75,0
9/13/2021,142.33,141.95,142.95,141.25,0.01
9/10/2021,140.88,144.21,144.72,140.74,-0.02
9/9/2021,143.54,143.84,144.31,143.18,0
9/8/2021,143.69,144.1,144.4,143,0
9/7/2021,144.28,143.83,144.57,143.62,0
9/3/2021,143.74,143.08,144.15,142.4,0
9/2/2021,143.29,145.22,145.52,143.18,-0.01
9/1/2021,145.22,145,146.25,144.88,0
8/31/2021,144.7,145.15,145.17,144.28,0
8/30/2021,144.59,144.4,145.97,144.16,0
8/27/2021,144,141.65,144.51,141.5,0.02
8/26/2021,141.44,141.75,142.42,141.36,0
8/25/2021,142.08,141.63,142.19,141.38,0.01
8/24/2021,141.26,140.61,142.08,140.34,0.01
8/23/2021,140.04,137.97,140.87,137.61,0.02
8/20/2021,137.43,136,137.55,135.25,0.01
8/19/2021,135.68,134.44,136.35,134.25,0
8/18/2021,135.45,136.5,137.1,135.32,-0.01
8/17/2021,136.66,137.75,138.27,136.08,-0.01
8/16/2021,138.31,137.52,138.36,135.3,0
8/13/2021,137.73,137.25,137.86,137.03,0
8/12/2021,137.19,135.98,137.3,135.43,0.01
8/11/2021,136.28,137.18,137.68,136.27,0
8/10/2021,136.81,137.34,137.77,136.36,0
8/9/2021,136.91,135.94,137.18,135.34,0.01
8/6/2021,135.74,136.04,136.47,135.21,0
8/5/2021,136.25,135.68,136.35,134.85,0.01
8/4/2021,135.13,135.35,135.65,134.49,0
8/3/2021,135.63,135.13,135.73,133.32,0.01
8/2/2021,134.85,135.12,135.34,133.79,0
7/30/2021,134.73,135.04,135.3,134.26,-0.01
7/29/2021,135.78,136.15,136.66,135.54,0
7/28/2021,136.09,136.31,138.3,135.28,0.03
7/27/2021,131.9,134.25,134.4,130.1,-0.02
7/26/2021,134.04,133.33,134.24,132.3,0.01
7/23/2021,133.01,130.43,133.4,129.8,0.04
7/22/2021,128.42,127.84,128.48,127.5,0.01
7/21/2021,127.55,126.13,127.6,126.02,0.01
7/20/2021,126.21,125.53,127.04,124.35,0.01
7/19/2021,124.58,126.09,126.21,123.5,-0.02
7/16/2021,126.97,127.66,127.81,126.15,0
7/15/2021,127,128.65,128.7,126.53,-0.01
7/14/2021,128.24,127.96,129.33,127.91,0.01
7/13/2021,127.34,127.04,128.06,126.67,0
7/12/2021,126.98,126.18,127.07,125.61,0.01
7/9/2021,125.52,125.03,125.73,124.55,0
7/8/2021,125.04,124.03,125.6,124.02,-0.01
7/7/2021,126.47,127.16,127.28,126.15,0
7/6/2021,126.19,125.65,126.43,124.58,0.01
7/2/2021,125.26,123.15,125.4,123.06,0.02
7/1/2021,122.44,121.72,122.59,121.53,0
6/30/2021,122.09,121.99,122.26,121.35,0
6/29/2021,122.27,122.67,123.02,121.69,0
6/28/2021,122.54,122.68,122.78,121.41,0
6/25/2021,122.51,122,122.63,121.57,0
6/24/2021,122.5,122.7,123.06,122.3,0
6/23/2021,122.13,122.09,123.1,121.83,0
6/22/2021,122.33,121.75,122.4,121.06,0
6/21/2021,121.81,120.5,122,119.9,0.01
6/18/2021,120.11,121.37,121.6,120.01,-0.01
6/17/2021,121.74,120.7,122.52,120.5,0.01
6/16/2021,120.77,121.57,121.89,119.47,-0.01
6/15/2021,121.42,122.45,122.78,121.06,-0.01
6/14/2021,122.45,121.61,122.45,120.9,0.01
6/11/2021,121.51,122,122.09,120.95,0
6/10/2021,121.76,120.35,121.8,120.19,0.01
6/9/2021,120.4,120.57,120.64,119.85,0
6/8/2021,119.92,120.6,120.98,119.74,0
6/7/2021,120.11,119.47,120.23,119.05,0
6/4/2021,119.68,118.46,119.95,118.12,0.02
6/3/2021,117.38,117.29,117.85,116.48,-0.01
6/2/2021,118.53,119.46,119.68,117.62,0
6/1/2021,119.06,118.72,119.29,117.71,0.01
5/28/2021,117.84,118.72,118.8,117.64,0
5/27/2021,118.13,119.45,119.45,117.81,-0.01
5/26/2021,119.02,118.33,119.45,118.32,0.01
5/25/2021,118.14,118.6,119.2,117.75,0
5/24/2021,118.05,115.74,118.28,115.6,0.03
5/21/2021,114.71,115.87,115.94,114.46,-0.01
5/20/2021,115.35,114.55,115.6,114.18,0.02
5/19/2021,113.57,111.42,113.75,111.27,0
5/18/2021,113.12,115.12,115.38,113.11,-0.01
5/17/2021,114.45,113.18,114.49,112.78,0
5/14/2021,113.92,112.93,114.24,112.5,0.02
5/13/2021,111.45,111.31,111.97,110.34,0.01
5/12/2021,110.01,111.31,112.4,109.68,-0.03
5/11/2021,113.5,112.15,114.01,111.7,-0.01
5/10/2021,114.59,116.41,116.55,114.23,-0.03
5/7/2021,117.6,118.19,118.56,117.31,0.01
5/6/2021,116.87,115.32,116.87,114.65,0.01
5/5/2021,115.74,116.43,116.75,115.41,0
5/4/2021,115.34,115.68,116.25,112.83,-0.02
5/3/2021,117.15,118.25,119.08,116.78,0
4/30/2021,117.68,118.4,119.09,117.33,-0.02
4/29/2021,119.64,119.46,120.21,118.69,0.01
4/28/2021,117.95,119.62,121.57,117.66,0.03
4/27/2021,114.55,115.88,115.92,114.31,-0.01
4/26/2021,115.5,115.23,116.23,114.87,0
4/23/2021,115,113.35,115.31,113.06,0.02
4/22/2021,112.63,113.77,114.44,112.02,-0.01
4/21/2021,113.92,113.6,114,112.24,0
4/20/2021,113.95,114.87,114.95,112.86,0
4/19/2021,114.49,113.51,115.2,113.51,0
4/16/2021,114.14,114.46,114.71,113.55,0
4/15/2021,114.26,113.1,114.8,112.56,0.02
4/14/2021,112.1,113.37,113.37,111.8,-0.01
4/13/2021,112.72,112.55,113.17,112.15,0
4/12/2021,112.23,112.71,112.84,111.39,-0.01
4/9/2021,113.53,112.27,113.7,111.86,0.01
4/8/2021,112.52,113.2,113.59,112.15,0.01
4/7/2021,111.95,110.65,112.22,110.65,0.01
4/6/2021,110.46,110.55,111.4,110.09,0
4/5/2021,110.95,107.36,111.45,107.26,0.04
4/1/2021,106.49,104.61,106.79,104.57,0.03
3/31/2021,103.13,102.72,104.31,102.35,0.01
3/30/2021,102.32,102.65,103.13,101.81,0
3/29/2021,102.29,101.11,102.46,100.27,0.01
3/26/2021,101.24,101.59,101.97,100.19,0
3/25/2021,101.62,101.45,102.28,99.8,0
3/24/2021,101.63,102.59,103.38,101.45,0
3/23/2021,102.07,102,103.21,101.4,0.01
3/22/2021,101.53,101.38,102.42,100.7,0
3/19/2021,101.35,101.49,101.85,100.15,0
3/18/2021,101.07,102.41,103.44,100.96,-0.03
3/17/2021,104.11,103.42,104.95,102.21,0
3/16/2021,104.19,103.3,105.68,102.96,0.01
3/15/2021,102.72,102.25,102.75,101.39,0
3/12/2021,102.5,103.82,103.88,101.62,-0.02
3/11/2021,105.03,102.91,105.56,102.82,0.03
3/10/2021,101.81,103.07,103.07,100.97,0
3/9/2021,102.02,102.49,103.2,101.78,0.02
3/8/2021,100.38,104.2,105.69,100.26,-0.04
3/5/2021,104.85,103.06,105.31,101.39,0.03
3/4/2021,101.7,100.74,103.73,100.27,0.01
3/3/2021,100.57,102.6,103.8,99.7,-0.03
3/2/2021,103.22,103.24,104.74,102.83,0
3/1/2021,103.48,102.4,103.81,101.72,0.02
2/26/2021,101.1,101.5,102.83,100.05,0
2/25/2021,100.8,102.8,104.15,100.32,-0.03
2/24/2021,104.19,101.5,104.42,101.38,0.01
2/23/2021,103.01,100.7,103.63,99.51,0
2/22/2021,102.71,102.68,104.02,102.4,-0.02
2/19/2021,104.44,105.39,105.93,104.17,-0.01
2/18/2021,105.29,105.25,106.1,104.67,-0.01
2/17/2021,105.93,104.7,106.12,104.42,0
2/16/2021,105.54,104.59,107.26,104.59,0.01
2/12/2021,104.75,103.99,104.97,103.68,0
2/11/2021,104.44,104.55,104.7,103.44,0
2/10/2021,104.32,104.16,104.94,102.61,0.01
2/9/2021,103.77,103.74,104.93,103.5,0
2/8/2021,104.23,105,105.75,103.17,0
2/5/2021,104.44,102.98,104.8,102.5,0.02
2/4/2021,102.68,103.03,103.46,101.75,0
2/3/2021,102.94,103.28,105.33,100.68,0.07
2/2/2021,95.96,95.66,97.47,95.32,0.01
2/1/2021,94.65,92.23,95.78,92.23,0.04
1/29/2021,91.37,91.7,92.38,90.08,-0.01
1/28/2021,92.66,91.55,94.4,91.55,0.02
1/27/2021,90.95,93.75,94.02,89.86,-0.05
1/26/2021,95.4,94.3,95.79,93.81,0.01
1/25/2021,94.71,95.64,96.09,92.96,0
1/22/2021,94.63,94.57,95.22,93.82,0
1/21/2021,94.21,94.68,96.6,93.97,0
1/20/2021,94,91.32,94.99,90.98,0.05
1/19/2021,89.22,87.15,90.19,86.64,0.03
1/15/2021,86.38,86.45,87.38,85.59,0
1/14/2021,86.55,87.44,88.38,86.3,-0.01
1/13/2021,87.36,86.37,87.82,86.37,0.01
1/12/2021,86.87,87.27,88.39,85.82,-0.01
1/11/2021,87.81,88.85,89.22,87.61,-0.02
1/8/2021,89.89,88.86,89.97,88.06,0.01
1/7/2021,88.72,86.34,88.89,86.34,0.03
1/6/2021,86.14,85.01,87.2,84.81,-0.01
1/5/2021,87,86.25,87.34,85.85,0.01
1/4/2021,86.31,88,88.12,85.36,-0.02
12/31/2020,87.63,86.86,87.88,86.8,0.01
12/30/2020,86.81,88.25,88.39,86.4,-0.01
12/29/2020,87.89,89.36,89.42,87.76,-0.01
12/28/2020,88.7,87.25,89.35,87.09,0.02
12/24/2020,86.71,86.45,87.12,86.22,0
12/23/2020,86.41,86.2,87.21,86.06,0
12/22/2020,86.01,86.47,86.63,85.29,-0.01
12/21/2020,86.73,85.46,86.85,84.7,0
12/18/2020,86.31,87.31,87.42,85.75,-0.01
12/17/2020,87.03,88.2,88.34,86.56,-0.01
12/16/2020,87.86,88.46,88.46,87.45,0
12/15/2020,88.05,87.99,88.2,87.08,0.01
12/14/2020,87.61,88.54,89.49,87.46,-0.01
12/11/2020,88.74,88,88.87,87.64,0
12/10/2020,88.38,88.13,88.75,86.68,-0.01
12/9/2020,88.89,90.52,91.42,88.1,-0.02
12/8/2020,90.57,90.43,90.8,89.56,0
12/7/2020,90.85,90.78,91.46,90.15,0
12/4/2020,91.19,91.01,91.47,90.68,0
12/3/2020,91.09,91.03,92.19,90.85,0
12/2/2020,91.25,89.77,91.64,89.26,0.02
12/1/2020,89.77,88.33,91.09,88.15,0.02
11/30/2020,87.72,88.78,89.02,87.39,-0.02
11/27/2020,89.35,88.23,89.85,88.23,0.01
11/25/2020,88.21,88.39,88.52,87.42,0
11/24/2020,88.19,86.38,88.32,86.04,0.02
11/23/2020,86.38,87.01,87.3,85.51,-0.01
11/20/2020,86.82,88.1,88.42,86.75,-0.01
11/19/2020,87.93,86.66,88.17,86.5,0.01
11/18/2020,87.03,87.83,88.25,86.93,-0.01
11/17/2020,88.08,88.39,88.86,87.97,-0.01
11/16/2020,88.7,88.21,89.72,88.07,0
11/13/2020,88.61,87.4,88.86,86.8,0.02
11/12/2020,87.14,87.1,88.25,86.9,0
11/11/2020,87.36,87.42,88.14,87.15,0.01
11/10/2020,86.89,86.49,87.97,85.81,-0.01
11/9/2020,88.07,89.8,90.84,87.88,0
11/6/2020,87.99,87.57,88.42,86.83,0
11/5/2020,88.13,88.52,89.59,87.05,0.01
11/4/2020,87.29,85.28,88.5,85.15,0.06
11/3/2020,82.28,81.54,82.95,80.61,0.01
11/2/2020,81.22,81.18,82.91,80.71,0.01
10/30/2020,80.81,83.37,84.07,80.08,0.04
10/29/2020,77.84,75.85,79.44,75.83,0.03
10/28/2020,75.54,77.5,77.69,75.42,-0.06
10/27/2020,79.94,79.45,80.1,78.85,0.01
10/26/2020,79.21,80.75,81.48,78.39,-0.03
10/23/2020,81.65,80.75,81.71,80.6,0.02
10/22/2020,80.33,79.25,80.67,78.87,0.01
10/21/2020,79.3,78.49,80.76,78.36,0.02
10/20/2020,77.55,76.16,78.69,76.03,0.01
10/19/2020,76.5,78.8,79.2,76.15,-0.02
10/16/2020,78.39,78.09,78.89,77.88,0.01
10/15/2020,77.77,77.22,78.57,77.06,-0.01
10/14/2020,78.17,78.73,79.19,77.29,0
10/13/2020,78.35,78.85,79.26,77.93,0
10/12/2020,78.23,76.9,79.42,76.46,0.04
10/9/2020,75.52,74.64,75.59,74.35,0.02
10/8/2020,74.17,73.27,74.4,73.27,0.02
10/7/2020,72.96,72.97,73.45,71.66,0.01
10/6/2020,72.55,73.78,74.23,72.25,-0.02
10/5/2020,74.14,73.13,74.24,73,0.02
10/2/2020,72.78,72.98,73.95,72.37,-0.02
10/1/2020,74.39,74.18,74.75,73.84,0.02
9/30/2020,73.28,73.05,74.31,72.79,0
9/29/2020,73.3,73.2,73.6,72.7,0.01
9/28/2020,72.93,73.6,73.65,72.31,0.01
9/25/2020,71.95,71.25,72.3,70.38,0.01
9/24/2020,71.14,70.13,71.9,70.11,0.01
9/23/2020,70.47,72.6,72.65,70.13,-0.03
9/22/2020,72.99,72.52,73.2,71.47,0.02
9/21/2020,71.51,71.58,72,70.13,-0.01
9/18/2020,72.55,74.42,74.76,71.58,-0.02
9/17/2020,74.35,74.29,74.93,73.12,-0.02
9/16/2020,75.6,77.12,77.72,75.58,-0.02
9/15/2020,76.76,76.39,77.55,76.11,0.02
9/14/2020,75.44,76.58,77.85,75.26,0
9/11/2020,75.79,76.41,76.93,74.65,-0.01
9/10/2020,76.3,77.51,78.68,76,-0.01
9/9/2020,77.36,77.44,77.94,76.26,0.02
9/8/2020,76.18,76.25,77.78,75.82,-0.04
9/4/2020,79.06,80.45,81.75,76.9,-0.03
9/3/2020,81.48,84.98,85,80.39,-0.05
9/2/2020,85.87,83.4,86.31,83.01,0.04
9/1/2020,82.75,81.61,82.96,81.48,0.02
8/31/2020,81.48,82.18,82.22,81.27,-0.01
8/28/2020,81.97,81.47,82.07,81.28,0.01
8/27/2020,81.43,82.33,82.4,80.94,-0.01
8/26/2020,82.21,80.32,82.64,80.05,0.02
8/25/2020,80.29,79,80.44,78.89,0.01
8/24/2020,79.26,79.62,80.44,78.75,0.01
8/21/2020,78.78,78.59,79.59,78.12,0
8/20/2020,78.81,77,79.01,76.72,0.02
8/19/2020,77.23,77.62,78.44,77,-0.01
8/18/2020,77.79,76.31,77.87,76.08,0.03
8/17/2020,75.81,75.8,76.19,75.25,0.01
8/14/2020,75.23,75.68,75.99,74.95,-0.01
8/13/2020,75.83,75.41,76.85,75.41,0.01
8/12/2020,75.36,74.36,75.58,74.25,0.02
8/11/2020,74.03,74.7,75.52,73.91,-0.01
8/10/2020,74.84,74.54,75.36,73.87,0
8/7/2020,74.92,75.45,76,74.31,0
8/6/2020,75.25,73.81,75.31,73.6,0.02
8/5/2020,73.95,73.84,74.5,73.56,0
8/4/2020,73.67,74.34,74.66,73.2,-0.01
8/3/2020,74.14,74.55,74.89,73.59,0
7/31/2020,74.4,74.85,75.25,72.7,-0.03
7/30/2020,76.92,74.9,77.04,74.76,0.01
7/29/2020,76.18,75.25,76.67,75.15,0.01
7/28/2020,75.18,76.25,76.3,75.03,-0.02
7/27/2020,76.47,75.66,76.88,75.62,0.01
7/24/2020,75.41,74.96,75.77,74.38,-0.01
7/23/2020,75.84,78.3,78.52,75.43,-0.03
7/22/2020,78.24,77.79,78.35,77.16,0.01
7/21/2020,77.8,79.25,79.35,77.63,-0.01
7/20/2020,78.19,75.75,78.45,75.13,0.03
7/17/2020,75.84,75.85,76.17,74.91,0
7/16/2020,75.75,75.08,75.8,74.41,0
7/15/2020,75.84,76.16,76.82,74.89,0
7/14/2020,76.04,74.64,76.14,74.3,0.01
7/13/2020,75.61,77.5,78.82,75.33,-0.02
7/10/2020,76.95,75.66,77.07,75.04,0.01
7/9/2020,75.93,75.5,76.46,74.78,0.01
7/8/2020,75.18,75.04,75.56,74.61,0.01
7/7/2020,74.5,74.81,76.07,74.48,-0.01
7/6/2020,74.98,74.41,75.5,73.85,0.02
7/2/2020,73.5,72.59,74.43,72.55,0.02
7/1/2020,72.1,70.96,72.42,70.71,0.02
6/30/2020,70.9,69.84,71.2,69.35,0.01
6/29/2020,69.86,68.02,69.9,67.58,0.03
6/26/2020,68.13,71.63,71.85,67.75,-0.05
6/25/2020,72.06,71.56,72.12,70.98,0.01
6/24/2020,71.64,73.16,73.79,71.5,-0.02
6/23/2020,73.2,72.6,73.76,72.25,0.01
6/22/2020,72.53,71.25,72.55,70.96,0.02
6/19/2020,71.23,72,72.22,70.95,-0.01
6/18/2020,71.71,72.49,72.65,71.31,-0.01
6/17/2020,72.63,72.65,73.11,71.76,0
6/16/2020,72.32,72.45,72.86,71.45,0.02
6/15/2020,71.04,69.47,71.25,69.36,0.01
6/12/2020,70.65,71.29,71.73,69.29,0.01
6/11/2020,70.09,72.05,72.58,69.92,-0.04
6/10/2020,73.23,73.08,73.64,72.72,0.01
6/9/2020,72.6,72.26,73.39,72.12,0
6/8/2020,72.4,71.31,72.45,71.22,0.01
6/5/2020,72,70.78,72.31,70.38,0.02
6/4/2020,70.72,71.84,72.07,70.3,-0.02
6/3/2020,71.96,72.14,72.45,71.58,0
6/2/2020,72.12,71.75,72.15,71.08,0.01
6/1/2020,71.74,71.28,72.08,71.11,0
5/29/2020,71.68,71.02,71.84,70.8,0.01
5/28/2020,70.91,70,72.22,69.95,0
5/27/2020,71.01,71,71.27,69.73,0
5/26/2020,71.07,72.1,72.26,70.97,0.01
5/22/2020,70.66,70.19,70.85,69.8,0
5/21/2020,70.34,70.55,70.82,69.72,0
5/20/2020,70.46,69.46,70.6,69.37,0.03
5/19/2020,68.72,69.27,69.62,68.69,-0.01
5/18/2020,69.26,68.08,69.64,67.71,0.01
5/15/2020,68.65,67.41,68.73,66.95,0.01
5/14/2020,67.84,66.68,67.87,66.17,0.01
5/13/2020,67.42,68.81,69.27,66.4,-0.02
5/12/2020,68.76,70.41,70.72,68.73,-0.02
5/11/2020,70.18,68.84,70.78,68.78,0.01
5/8/2020,69.22,69.09,69.83,68.6,0.01
5/7/2020,68.46,68.07,68.8,67.63,0.02
5/6/2020,67.27,67.9,68.43,67.26,0
5/5/2020,67.45,66.88,68.55,66.75,0.02
5/4/2020,66.14,65.41,66.22,64.8,0
5/1/2020,65.87,66.2,67.57,65.48,-0.02
4/30/2020,67.33,66.57,67.5,66.08,0
4/29/2020,67.11,67.25,68.01,66.34,0.09
4/28/2020,61.63,64.16,64.24,61.52,-0.03
4/27/2020,63.54,64.6,64.7,63.25,0
4/24/2020,63.83,62.75,63.89,62.2,0
4/23/2020,63.56,63.29,64.41,63.03,0.01
4/22/2020,62.92,62.06,63.99,61.86,0.04
4/21/2020,60.61,62.14,62.5,60.25,-0.04
4/20/2020,63.06,63.49,63.84,62.82,-0.01
4/17/2020,63.95,64.08,64.5,63.3,0.02
4/16/2020,62.87,63.36,63.67,61.91,0
4/15/2020,62.87,62.33,63.76,61.7,-0.01
4/14/2020,63.26,62,63.79,61.43,0.05
4/13/2020,60.52,60.08,60.73,59.12,0
4/9/2020,60.33,60.91,61.1,59.62,0
4/8/2020,60.35,60.16,60.74,59.2,0.02
4/7/2020,59.13,60.85,61.04,58.86,0
4/6/2020,59.16,56.65,59.54,56.25,0.08
4/3/2020,54.63,55.74,55.94,53.75,-0.02
4/2/2020,55.85,55,56.14,54.66,0.01
4/1/2020,55.1,56.2,56.47,54.67,-0.05
3/31/2020,58.1,57.44,58.67,56.84,0.01
3/30/2020,57.32,56.63,57.55,54.92,0.03
3/27/2020,55.51,56.37,57.55,55.2,-0.05
3/26/2020,58.15,55.74,58.57,54.6,0.06
3/25/2020,55.08,56.23,57.31,54.15,-0.03
3/24/2020,56.5,55.2,56.67,54.32,0.07
3/23/2020,52.71,52.82,53.35,50.44,-0.01
3/20/2020,53.41,56.55,56.92,53.1,-0.04
3/19/2020,55.58,54.41,57.63,52.78,0.02
3/18/2020,54.56,53,55.25,51.85,-0.02
3/17/2020,55.9,54.53,56.3,52.45,0.04
3/16/2020,53.65,54.48,57.27,53.35,-0.12
3/13/2020,60.71,58.75,60.72,55.61,0.09
3/12/2020,55.58,56.13,59.44,55.42,-0.08
3/11/2020,60.55,62.41,62.85,59.56,-0.05
3/10/2020,63.76,62.72,63.79,60.73,0.05
3/9/2020,60.79,60.25,62.64,59.9,-0.06
3/6/2020,64.79,63.5,65.14,62.86,-0.01
3/5/2020,65.74,67.28,67.68,65.08,-0.05
3/4/2020,69.08,67.95,69.14,66.85,0.03
3/3/2020,66.89,69.88,70.41,66.46,-0.04
3/2/2020,69.32,67.57,69.37,66.26,0.04
2/28/2020,66.96,63.72,67.12,63.41,0.02
2/27/2020,65.75,67.96,68.47,65.71,-0.05
2/26/2020,69.52,69.75,70.68,68.83,0
2/25/2020,69.32,71.55,71.84,69.02,-0.02
2/24/2020,70.99,71.15,71.82,70.34,-0.04
2/21/2020,74.17,75.23,75.55,73.92,-0.02
2/20/2020,75.85,75.95,76.35,75.21,-0.01
2/19/2020,76.24,76.36,76.54,76.05,0
2/18/2020,75.97,75.72,76.53,75.55,0
2/14/2020,75.94,75.73,76,75.28,0
2/13/2020,75.67,75.5,76.3,75.2,0
2/12/2020,75.93,75.79,76.02,75.43,0.01
2/11/2020,75.5,75.66,76.49,75.27,0
2/10/2020,75.43,73.86,75.44,73.76,0.02
2/7/2020,73.96,73.37,74.26,73.27,0
2/6/2020,73.8,72.6,74.08,72.52,0.02
2/5/2020,72.3,73.18,73.23,71.48,0
2/4/2020,72.27,72.72,73.37,71.1,-0.03
2/3/2020,74.13,73.08,74.31,72.83,0.03
1/31/2020,71.64,73.39,73.48,71.35,-0.01
1/30/2020,72.71,71.91,72.76,71.75,0
1/29/2020,72.83,72.92,73.21,72.27,0
1/28/2020,72.53,72.09,72.74,71.52,0.01
1/27/2020,71.59,71.58,71.83,70.97,-0.02
1/24/2020,73.31,74.64,74.71,73.16,-0.01
1/23/2020,74.23,74.38,74.67,74.02,0
1/22/2020,74.21,74.49,75.03,74.13,0
1/21/2020,74.11,73.95,74.49,73.51,0
1/17/2020,73.98,73.13,74.03,72.83,0.02
1/16/2020,72.51,72.27,72.53,72,0.01
1/15/2020,71.96,71.65,72.04,71.58,0.01
1/14/2020,71.53,72,72.13,71.39,-0.01
1/13/2020,72,71.76,72.07,71.27,0.01
1/10/2020,71.45,71.47,71.75,70.98,0.01
1/9/2020,70.99,71.1,71.43,70.51,0.01
1/8/2020,70.25,69.74,70.59,69.63,0.01
1/7/2020,69.76,70.02,70.17,69.58,0
1/6/2020,69.89,67.58,69.92,67.55,0.03
1/3/2020,68.08,67.4,68.69,67.37,-0.01
1/2/2020,68.43,67.42,68.43,67.32,0.02
12/31/2019,66.97,66.79,67.03,66.61,0
12/30/2019,66.99,67.84,67.85,66.89,-0.01
12/27/2019,67.73,68.2,68.35,67.65,-0.01
12/26/2019,68.12,67.33,68.16,67.28,0.01
12/24/2019,67.22,67.51,67.6,67.21,0
12/23/2019,67.53,67.94,68.09,67.4,0
12/20/2019,67.56,68.16,68.2,67.54,0
12/19/2019,67.82,67.6,67.88,67.44,0
12/18/2019,67.6,67.85,67.97,67.52,0
12/17/2019,67.74,68.12,68.22,67.54,0
12/16/2019,68.03,67.75,68.18,67.53,0.01
12/13/2019,67.34,67.39,67.57,67.08,0
12/12/2019,67.42,67.16,67.73,66.91,0
12/11/2019,67.21,67.42,67.49,67.06,0
12/10/2019,67.14,67,67.4,66.7,0
12/9/2019,67.15,66.94,67.88,66.8,0
12/6/2019,66.97,66.64,67.12,66.56,0.01
12/5/2019,66.35,66.35,66.4,65.72,0.01
12/4/2019,65.95,65.31,66.21,65.15,0.02
12/3/2019,64.74,63.93,64.86,63.85,0
12/2/2019,64.44,65.13,65.27,64.02,-0.01
11/29/2019,65.2,65.33,65.5,65.16,-0.01
11/27/2019,65.61,65.77,65.88,65.47,0
11/26/2019,65.65,65.5,65.7,65.2,0.01
11/25/2019,65.28,64.81,65.52,64.78,0.01
11/22/2019,64.68,65.15,65.34,64.47,-0.01
11/21/2019,65.01,64.96,65.56,64.54,0
11/20/2019,65.09,65.57,65.66,64.46,-0.01
11/19/2019,65.63,66.33,66.33,65.59,-0.01
11/18/2019,65.99,66.62,66.7,65.81,-0.01
11/15/2019,66.68,65.75,66.68,65.59,0.02
11/14/2019,65.46,64.75,65.79,64.7,0.01
11/13/2019,64.81,64.66,65.13,64.61,0
11/12/2019,64.86,64.93,65.47,64.71,0
11/11/2019,64.91,65.2,65.25,64.79,-0.01
11/8/2019,65.45,65.08,65.86,65.08,0
11/7/2019,65.35,64.71,66.13,64.69,0.01
11/6/2019,64.55,64.5,64.65,64.11,0
11/5/2019,64.57,64.56,64.86,64.47,0
11/4/2019,64.48,63.81,64.62,63.81,0.01
11/1/2019,63.61,63.29,63.65,62.99,0.01
10/31/2019,62.94,63,63.33,62.47,0
10/30/2019,63.03,62.76,63.4,62.53,0
10/29/2019,63.03,63.8,64.04,62.78,-0.02
10/28/2019,64.45,63.75,64.96,63.62,0.02
10/25/2019,63.22,62.6,63.4,62.46,0
10/24/2019,62.96,62.96,63.15,62.62,0
10/23/2019,62.88,62.01,62.9,62.01,0.01
10/22/2019,62.06,62.22,62.44,61.99,0
10/21/2019,62.21,62.44,62.68,62,0
10/18/2019,62.22,62.73,62.91,62.01,-0.01
10/17/2019,62.64,62.57,63.19,62.49,0.01
10/16/2019,62.15,62.09,62.71,61.93,0
10/15/2019,62.11,61.08,62.36,61.05,0.02
10/14/2019,60.89,60.69,61.29,60.59,0
10/11/2019,60.79,61.2,61.44,60.68,0.01
10/10/2019,60.47,59.93,60.78,59.89,0.01
10/9/2019,60.12,60.07,60.42,59.91,0.01
10/8/2019,59.51,59.94,60.34,59.47,-0.01
10/7/2019,60.41,60.35,60.95,60.22,0
10/4/2019,60.55,59.71,60.62,59.55,0.02
10/3/2019,59.47,59.17,59.55,58.16,0.01
10/2/2019,58.9,59.83,59.94,58.63,-0.02
10/1/2019,60.3,61.12,61.64,60.28,-0.01
9/30/2019,61.06,61.03,61.37,60.67,0
9/27/2019,61.3,62.14,62.25,60.76,-0.01
9/26/2019,62.11,62.11,62.23,61.59,0
9/25/2019,62.3,60.8,62.4,60.46,0.02
9/24/2019,60.92,62,62.36,60.53,-0.01
9/23/2019,61.73,61.33,61.98,61.19,0
9/20/2019,61.49,61.68,62.14,61.18,-0.01
9/19/2019,61.94,61.62,62.22,61.62,0.01
9/18/2019,61.63,61.51,61.81,60.82,0
9/17/2019,61.49,61.58,61.75,61.17,0
9/16/2019,61.58,61.52,61.95,61.26,-0.01
9/13/2019,62,61.61,62.05,61.35,0
9/12/2019,61.75,61.17,62.12,61.13,0.01
9/11/2019,61,60.19,61.12,60.11,0.01
9/10/2019,60.28,59.8,60.5,59.8,0
9/9/2019,60.26,60.35,61.03,59.66,0
9/6/2019,60.32,60.46,60.65,60.16,0
9/5/2019,60.61,59.68,60.7,59.63,0.03
9/4/2019,59.11,58.97,59.24,58.58,0.01
9/3/2019,58.48,59.09,59.45,58.19,-0.02
8/30/2019,59.53,60.02,60.02,59.29,0
8/29/2019,59.71,59.32,59.96,59.26,0.02
8/28/2019,58.69,58.24,58.92,58.01,0
8/27/2019,58.54,59.15,59.25,58.23,0
8/26/2019,58.56,57.97,58.59,57.74,0.02
8/23/2019,57.68,59.26,59.78,57.5,-0.03
8/22/2019,59.58,59.69,59.94,58.95,0
8/21/2019,59.58,59.79,60.03,59.4,0.01
8/20/2019,59.18,59.77,59.9,59.15,-0.01
8/19/2019,60.02,59.59,60.47,59.52,0.02
8/16/2019,58.96,59.04,59.19,58.65,0.01
8/15/2019,58.47,58.42,58.82,58.15,0
8/14/2019,58.21,58.8,59.14,58.05,-0.03
8/13/2019,59.84,58.72,60.27,58.65,0.02
8/12/2019,58.73,59,59.28,58.44,-0.01
8/9/2019,59.45,60,60.22,59.24,-0.01
8/8/2019,60.31,59.32,60.31,58.7,0.03
8/7/2019,58.8,57.89,58.99,57.54,0
8/6/2019,58.55,58.28,59.07,58.08,0.01
8/5/2019,57.74,58.65,58.84,57.14,-0.03
8/2/2019,59.82,60.15,60.48,59.5,-0.01
8/1/2019,60.59,60.88,61.81,60.35,-0.01
7/31/2019,60.91,61.24,61.75,60.41,-0.01
7/30/2019,61.4,61.35,61.85,61.27,-0.01
7/29/2019,62.09,62.12,62.45,61.51,0
7/26/2019,62.26,61.4,63.42,61.4,0.1
7/25/2019,56.8,56.95,57.18,56.19,0
7/24/2019,56.99,56.63,57.27,56.43,-0.01
7/23/2019,57.4,57.17,57.44,56.64,0.01
7/22/2019,56.96,56.77,57,56.26,0.01
7/19/2019,56.58,57.47,57.58,56.56,-0.01
7/18/2019,57.36,57.1,57.41,56.64,0
7/17/2019,57.34,57.55,57.92,57.33,-0.01
7/16/2019,57.67,57.34,57.93,57.34,0
7/15/2019,57.53,57.27,57.53,57,0
7/12/2019,57.27,57.15,57.38,56.93,0
7/11/2019,57.2,57.31,57.66,56.98,0
7/10/2019,57.05,56.62,57.12,56.53,0.01
7/9/2019,56.21,55.52,56.39,55.36,0.01
7/8/2019,55.84,56.29,56.36,55.59,-0.01
7/5/2019,56.63,55.97,56.73,55.88,0.01
7/3/2019,56.15,55.92,56.4,55.74,0.01
7/2/2019,55.63,55.24,55.64,54.98,0.01
7/1/2019,55,55.05,55.43,54.77,0.02
6/28/2019,54.14,53.86,54.14,53.69,0.01
6/27/2019,53.83,54.34,54.42,53.79,0
6/26/2019,54.02,54.55,54.76,53.68,-0.01
6/25/2019,54.38,55.75,55.78,54.23,-0.03
6/24/2019,55.84,56,56.18,55.67,-0.01
6/21/2019,56.27,55.49,56.33,55.49,0.01
6/20/2019,55.66,56.09,56.14,55.35,0.01
6/19/2019,55.23,55.36,55.47,54.8,0
6/18/2019,55.26,55.58,55.94,55.04,0.01
6/17/2019,54.69,54.45,55.06,54.4,0.01
6/14/2019,54.31,54.49,54.74,54.07,0
6/13/2019,54.55,54.24,54.83,54.13,0.01
6/12/2019,53.95,54,54.13,53.48,0
6/11/2019,54.05,54.85,55.2,53.98,0
6/10/2019,54.14,53.85,54.74,53.76,0.01
6/7/2019,53.42,52.71,53.67,52.56,0.02
6/6/2019,52.39,52.31,52.5,51.78,0
6/5/2019,52.23,52.75,52.84,51.65,-0.01
6/4/2019,52.72,52.22,52.92,51.8,0.02
6/3/2019,51.94,53.35,53.35,51.35,-0.06
5/31/2019,55.33,55.28,55.67,55.17,-0.01
5/30/2019,56.07,56.01,56.34,55.8,0
5/29/2019,56,56.63,56.75,55.6,-0.02
5/28/2019,56.98,57.07,57.82,56.93,0
5/24/2019,56.93,57.6,57.72,56.84,-0.01
5/23/2019,57.27,57.3,57.5,56.66,-0.01
5/22/2019,57.79,57.56,58.19,57.55,0
5/21/2019,57.72,57.72,57.9,57.17,0.01
5/20/2019,57.23,57.65,57.65,56.91,-0.02
5/17/2019,58.44,58.79,59.31,58.32,-0.01
5/16/2019,59.23,58.59,59.71,58.42,0.01
5/15/2019,58.54,56.13,58.91,56.07,0.04
5/14/2019,56.24,57.12,57.24,56.18,-0.01
5/13/2019,56.83,57.26,57.6,56.27,-0.03
5/10/2019,58.38,58.44,58.81,57.32,0
5/9/2019,58.4,58.13,58.7,57.73,0
5/8/2019,58.54,58.86,59.21,58.38,-0.01
5/7/2019,58.94,59.29,59.74,58.25,-0.01
5/6/2019,59.67,58.6,59.77,58.56,0
5/3/2019,59.48,58.87,59.57,58.68,0.02
5/2/2019,58.33,58.63,58.97,57.92,-0.01
5/1/2019,58.67,59.88,59.96,58.58,-0.02
4/30/2019,59.95,59.53,60.05,59.15,-0.08
4/29/2019,64.81,64.03,64.85,63.59,0.01
4/26/2019,63.87,63.67,63.95,63.25,0.01
4/25/2019,63.37,63.52,63.64,62.9,0.01
4/24/2019,63,63.53,63.7,62.99,-0.01
4/23/2019,63.53,62.83,63.72,62.6,0.01
4/22/2019,62.69,61.83,62.72,61.67,0.01
4/18/2019,62.07,62.25,62.3,61.97,0
4/17/2019,62.01,61.85,62.25,61.65,0.01
4/16/2019,61.6,61.5,61.8,61.25,0
4/15/2019,61.33,61.2,61.46,60.73,0
4/12/2019,61.14,60.78,61.15,60.66,0.01
4/11/2019,60.48,60.45,60.64,60.23,0
4/10/2019,60.32,60.25,60.45,60.03,0
4/9/2019,60.13,60.09,60.36,59.92,0
4/8/2019,60.41,60.56,60.7,60.23,0
4/5/2019,60.57,60.97,61.02,60.5,-0.01
4/4/2019,60.97,60.56,61.03,60.45,0.01
4/3/2019,60.54,60.63,61.03,60.25,0
4/2/2019,60.28,60,60.29,59.56,0.01
4/1/2019,59.95,59.38,60.01,59.32,0.02
3/29/2019,58.84,59.01,59.2,58.32,0
3/28/2019,58.61,58.77,58.86,58.17,0
3/27/2019,58.9,59.6,59.6,58.21,-0.01
3/26/2019,59.49,60.26,60.38,59.09,-0.01
3/25/2019,59.87,59.98,60.47,59.5,-0.01
3/22/2019,60.38,61.44,61.68,60.3,-0.02
3/21/2019,61.81,61,61.82,60.83,0.01
3/20/2019,61.32,60.07,61.5,59.98,0.02
3/19/2019,60.12,59.59,60.17,59.47,0.01
3/18/2019,59.43,59.48,59.75,59.07,0
3/15/2019,59.52,59.9,60.09,59.35,0
3/14/2019,59.63,59.95,60.23,59.56,-0.01
3/13/2019,59.95,60.3,60.36,59.9,0
3/12/2019,59.86,59.12,60.29,59.12,0.02
3/11/2019,58.96,57.6,59,57.58,0.03
3/8/2019,57.5,56.7,57.67,56.51,0
3/7/2019,57.54,58.02,58.18,57.09,-0.01
3/6/2019,58.25,58.59,58.74,58.15,0
3/5/2019,58.46,57.8,58.82,57.65,0.01
3/4/2019,57.67,57.73,58.28,56.91,0
3/1/2019,57.43,56.55,57.5,56.55,0.02
2/28/2019,56.33,55.95,56.7,55.92,0
2/27/2019,56.14,55.7,56.29,55.43,0
2/26/2019,56.1,55.72,56.32,55.34,0
2/25/2019,55.87,56.1,56.27,55.71,0
2/22/2019,55.83,55.48,55.86,55.02,0.01
2/21/2019,55.21,55.94,55.96,54.9,-0.01
2/20/2019,56.03,56.44,56.55,55.59,-0.01
2/19/2019,56.33,55.83,56.48,55.83,0.01
2/15/2019,55.98,56.97,56.97,55.84,-0.01
2/14/2019,56.46,56.25,56.81,55.85,0
2/13/2019,56.43,56.65,57.14,56.3,0
2/12/2019,56.38,55.55,56.64,55.55,0.02
2/11/2019,55.11,55.19,55.67,55,0
2/8/2019,55.12,54.74,55.25,54.71,0
2/7/2019,55.3,55.59,55.6,54.68,-0.02
2/6/2019,56.14,57.46,57.7,55.92,-0.03
2/5/2019,57.59,56.48,57.64,56.18,0.01
2/4/2019,57.07,55.95,57.12,55.88,0.02
2/1/2019,55.93,56.11,56.72,55.71,-0.01
1/31/2019,56.29,55.61,56.38,55.26,0.03
1/30/2019,54.9,53.87,54.98,53.83,0.03
1/29/2019,53.5,54.05,54.24,53.3,-0.01
1/28/2019,53.99,54.5,54.67,53.73,-0.02
1/25/2019,55.08,54.71,55.17,54.59,0.02
1/24/2019,54.2,54.13,54.4,53.5,0
1/23/2019,54.22,54.34,54.65,53.38,0.01
1/22/2019,53.93,54.8,54.95,53.54,-0.03
1/18/2019,55.37,55.43,55.9,54.96,0.01
1/17/2019,54.96,54.4,55.03,54.16,0.01
1/16/2019,54.48,54.5,55.12,54.4,0
1/15/2019,54.33,52.9,54.41,52.72,0.03
1/14/2019,52.58,52.67,52.92,52.43,-0.01
1/11/2019,53.22,53.49,53.67,52.82,-0.01
1/10/2019,53.94,53.75,53.99,53.23,0
1/9/2019,54.08,54.4,54.58,53.72,0
1/8/2019,54.27,54.3,54.67,53.42,0.01
1/7/2019,53.8,54.05,54.13,53.13,0
1/4/2019,53.9,52.13,54,51.84,0.05
1/3/2019,51.27,52.53,53.31,51.12,-0.03
1/2/2019,52.73,51.36,53.04,51.26,0.01
12/31/2018,52.25,52.89,53.15,51.65,0
12/28/2018,52.33,52.98,53.21,52.1,-0.01
12/27/2018,52.65,51.31,52.67,50.35,0.01
12/26/2018,52.39,49.9,52.42,49.63,0.06
12/24/2018,49.23,49.22,50.61,48.88,-0.01
12/21/2018,49.56,51.6,51.88,49.06,-0.03
12/20/2018,51.18,51.3,52.37,50.39,-0.01
12/19/2018,51.77,52.36,53.79,50.97,-0.01
12/18/2018,52.17,51.7,52.98,51.52,0.02
12/17/2018,51.28,52.35,53.12,50.83,-0.02
12/14/2018,52.59,53,53.59,52.47,-0.02
12/13/2018,53.68,53.78,54.42,53.25,0
12/12/2018,53.69,53.85,54.59,53.6,0.01
12/11/2018,53.08,53.35,53.52,52.51,0.01
12/10/2018,52.66,52.15,52.98,51.65,0.01
12/7/2018,52.33,53.61,54.25,51.97,-0.03
12/6/2018,53.9,52.25,53.97,52.12,0.01
12/4/2018,53.12,55.65,55.71,53.04,-0.05
12/3/2018,55.82,56.61,56.75,55.59,0.01
11/30/2018,55.48,54.78,55.48,54.16,0.01
11/29/2018,54.73,54.18,55.01,54.1,0
11/28/2018,54.59,52.87,54.64,52.15,0.04
11/27/2018,52.61,52.57,53.34,52.27,0
11/26/2018,52.8,52.2,52.85,51.99,0.03
11/23/2018,51.51,51.67,52.15,51.43,-0.01
11/21/2018,52.17,52.27,52.74,51.97,0.01
11/20/2018,51.52,50.36,51.87,50.11,0
11/19/2018,51.37,53.17,53.4,51.14,-0.04
11/16/2018,53.41,53.26,53.62,52.74,0
11/15/2018,53.55,52.57,53.94,52.06,0.02
11/14/2018,52.73,53,53.29,52.06,0.01
11/13/2018,52.4,52.74,53.33,52.02,0
11/12/2018,52.47,53.66,53.7,52.02,-0.03
11/9/2018,53.85,54.2,54.42,53.21,-0.02
11/8/2018,54.73,55.37,55.41,54.22,-0.01
11/7/2018,55.41,54.17,55.5,54.03,0.04
11/6/2018,53.48,52.75,53.99,52.68,0.01
11/5/2018,52.79,53.63,53.67,51.7,-0.01
11/2/2018,53.57,54.45,54.9,53.38,-0.01
11/1/2018,54.3,54.57,54.99,53.89,0
10/31/2018,54.53,53.41,55.4,53.41,0.04
10/30/2018,52.48,51,52.55,50.7,0.01
10/29/2018,51.74,54.83,55.44,50.36,-0.05
10/26/2018,54.19,52.42,55.85,52.11,-0.02
10/25/2018,55.18,54.02,55.89,53.78,0.04
10/24/2018,52.86,55.75,55.83,52.75,-0.05
10/23/2018,55.75,54.56,55.9,53.95,0
10/22/2018,55.57,55.63,56.08,55,0.01
10/19/2018,55.26,55.19,56.05,54.85,0.01
10/18/2018,54.9,56.5,56.62,54.32,-0.03
10/17/2018,56.38,57,57.35,55.7,0
10/16/2018,56.65,55.67,56.82,55.59,0.03
10/15/2018,55.12,55.9,56.09,54.91,-0.02
10/12/2018,56.03,55.98,56.29,54.75,0.03
10/11/2018,54.54,53.95,55.8,53.79,0
10/10/2018,54.61,56.82,56.85,54.58,-0.05
10/9/2018,57.26,57.57,58.08,57.21,-0.01
10/8/2018,57.8,58,58.79,56.77,-0.01
10/5/2018,58.39,58.8,59.1,57.72,-0.01
10/4/2018,58.85,60.25,60.3,58.19,-0.03
10/3/2018,60.58,60.6,60.71,60.11,0
10/2/2018,60.38,60.33,61.23,59.98,0
10/1/2018,60.43,60.65,61.21,60.16,0
9/28/2018,60.35,60.2,60.42,59.89,0
9/27/2018,60.37,60,60.84,59.9,0.01
9/26/2018,59.7,59.68,60.36,59.27,0
9/25/2018,59.69,59.21,59.84,58.7,0.01
9/24/2018,58.98,57.97,59.26,57.58,0.01
9/21/2018,58.61,59.75,59.83,58.6,-0.02
9/20/2018,59.58,59.03,59.7,58.81,0.01
9/19/2018,58.71,58.45,58.81,57.93,0.01
9/18/2018,58.36,58.13,59.07,58.07,0.01
9/17/2018,57.99,58.89,59.09,57.92,-0.02
9/14/2018,58.9,59.4,59.4,58.68,0
9/13/2018,59.11,58.98,59.39,58.46,0.01
9/12/2018,58.58,59.1,59.53,58.31,-0.02
9/11/2018,59.5,58.55,59.55,58.3,0.01
9/10/2018,58.75,59.21,59.33,58.53,0
9/7/2018,58.88,58.6,59.43,58.46,-0.01
9/6/2018,59.2,59.93,59.95,58.18,-0.01
9/5/2018,59.95,60.46,60.74,58.77,-0.01
9/4/2018,60.57,61.13,61.39,60.33,-0.02
8/31/2018,61.59,62.61,62.63,61.29,-0.02
8/30/2018,62.72,63.17,63.47,62.36,-0.01
8/29/2018,63.23,62.75,63.36,62.64,0.02
8/28/2018,62.29,62.8,62.83,62.15,-0.01
8/27/2018,62.81,62.21,62.89,62.03,0.02
8/24/2018,61.84,61.3,61.87,61.07,0.01
8/23/2018,61.06,60.99,61.76,60.97,0
8/22/2018,61.09,60.71,61.33,60.66,0
8/21/2018,60.87,61.15,61.64,60.75,0
8/20/2018,61.1,61.03,61.3,60.44,0.01
8/17/2018,60.79,61.1,61.35,60.2,-0.01
8/16/2018,61.2,62.1,62.18,60.98,-0.01
8/15/2018,61.61,62.21,62.6,61.31,-0.02
8/14/2018,62.91,62.62,63.03,61.98,0.01
8/13/2018,62.43,62.56,63.3,62.35,0
8/10/2018,62.63,62.96,63.06,62.36,-0.01
8/9/2018,63.22,63.14,63.6,63.01,0
8/8/2018,63.07,62.84,63.59,62.61,0
8/7/2018,62.79,62.6,63.3,62.59,0.01
8/6/2018,61.88,62.08,62.12,61.53,0
8/3/2018,61.91,62.26,62.33,61.47,0
8/2/2018,62.06,60.92,62.22,60.9,0.01
8/1/2018,61.65,61.96,62.3,61.25,0
7/31/2018,61.36,61.59,62.06,60.81,0
7/30/2018,61.5,62.25,62.64,61.21,-0.02
7/27/2018,62.64,64.46,64.57,62.22,-0.03
7/26/2018,64.28,63.36,64.37,63.15,0.01
7/25/2018,63.8,62.63,63.91,62.45,0.01
7/24/2018,62.91,63.55,63.75,62.21,0.04
7/23/2018,60.55,59.78,60.76,59.6,0.01
7/20/2018,59.89,59.96,60.54,59.83,0
7/19/2018,59.95,60.33,60.82,59.89,-0.01
7/18/2018,60.65,60.43,61.08,60.23,0
7/17/2018,60.65,59.14,60.94,59.1,0.01
7/16/2018,59.83,60.19,60.44,59.67,-0.01
7/13/2018,60.22,60.14,60.52,59.76,0
7/12/2018,60.06,58.74,60.1,58.66,0.03
7/11/2018,58.57,57.78,59.02,57.77,0
7/10/2018,58.36,58.5,58.67,58.13,0
7/9/2018,58.36,58,58.4,57.86,0.01
7/6/2018,57.75,57.09,57.81,56.86,0.01
7/5/2018,57.06,56.23,57.21,56.16,0.02
7/3/2018,55.81,57.47,57.5,55.72,-0.02
7/2/2018,57.11,55.77,57.15,55.33,0.01
6/29/2018,56.46,56.62,57.07,56.35,0
6/28/2018,56.34,55.62,56.7,55.3,0.01
6/27/2018,55.85,56.8,57.31,55.84,-0.01
6/26/2018,56.63,57.21,57.34,56.45,-0.01
6/25/2018,56.96,57.75,57.8,55.99,-0.03
6/22/2018,58.46,58.57,58.75,57.98,0
6/21/2018,58.47,59.28,59.52,58.17,-0.01
6/20/2018,59.2,59.16,60.07,59.1,0
6/19/2018,58.93,58.51,59.14,58.08,0
6/18/2018,59.18,57.63,59.21,57.55,0.02
6/15/2018,57.96,58,58.2,57.68,0
6/14/2018,58.01,57.61,58.3,57.53,0.01
6/13/2018,57.21,57.61,57.78,57.17,0
6/12/2018,57.41,57.05,57.44,57.05,0.01
6/11/2018,57.05,56.65,57.39,56.57,0.01
6/8/2018,56.64,56.56,56.94,56.16,0
6/7/2018,56.72,57.23,57.29,56.31,-0.01
6/6/2018,57.35,57.64,57.74,56.82,0
6/5/2018,57.55,57.73,58.05,57.37,0
6/4/2018,57.65,56.92,57.89,56.85,0.02
6/1/2018,56.75,55.64,56.91,55.6,0.03
5/31/2018,55,54.1,55.5,53.9,0.02
5/30/2018,53.87,53.67,53.95,53.33,0.01
5/29/2018,53.4,53.8,54.07,53.15,-0.01
5/25/2018,54.2,54.33,54.48,54.13,0
5/24/2018,54.27,54.34,54.36,53.62,0
5/23/2018,54.3,53.5,54.4,53.35,0.01
5/22/2018,53.77,54.49,54.59,53.61,-0.01
5/21/2018,54.2,53.95,54.66,53.9,0.01
5/18/2018,53.48,53.3,53.69,53.23,-0.01
5/17/2018,54.06,54.07,54.55,53.82,0
5/16/2018,54.2,54.25,54.72,54.08,0
5/15/2018,54.24,54.84,54.96,53.94,-0.02
5/14/2018,55.33,55.28,55.91,55.24,0
5/11/2018,55.17,55.02,55.45,54.86,0
5/10/2018,55.27,54.75,55.47,54.69,0.02
5/9/2018,54.45,53.2,54.7,53.11,0.03
5/8/2018,52.93,53.23,53.26,52.58,0
5/7/2018,52.97,52.69,53.25,52.51,0.01
5/4/2018,52.55,50.98,52.59,50.9,0.02
5/3/2018,51.31,51.27,51.53,50.39,0
5/2/2018,51.3,51.7,52.2,51.16,-0.01
5/1/2018,52.04,50.81,52.09,50.53,0.02
4/30/2018,50.93,51.72,51.92,50.91,-0.01
4/27/2018,51.57,52.28,52.58,51.38,-0.01
4/26/2018,52.17,51.66,52.6,51.02,0.02
4/25/2018,51.15,51.49,51.8,50.85,0
4/24/2018,51.13,52.96,53.22,50.64,-0.05
4/23/2018,53.69,54.15,54.4,53.33,0
4/20/2018,53.87,54.21,54.74,53.6,-0.01
4/19/2018,54.47,53.45,54.88,53.45,0.01
4/18/2018,53.77,53.95,54.1,53.53,0
4/17/2018,53.97,53.06,54.25,52.85,0.03
4/16/2018,52.3,52.28,52.57,51.7,0.01
4/13/2018,51.8,52.34,52.65,51.51,0
4/12/2018,51.86,51.57,52.23,51.3,0.01
4/11/2018,51.25,51.6,51.79,50.96,-0.01
4/10/2018,51.83,51.51,52.06,50.77,0.02
4/9/2018,51,51,52.23,50.96,0.01
4/6/2018,50.5,51.16,51.8,50.31,-0.02
4/5/2018,51.63,52.32,52.34,51.2,0
4/4/2018,51.49,49.91,51.64,49.83,0.01
4/3/2018,50.93,50.81,51.25,49.86,0.01
4/2/2018,50.63,51.38,51.98,49.71,-0.02
3/29/2018,51.86,50.56,52.4,50.2,0.03
3/28/2018,50.26,50.1,51.25,49.2,0
3/27/2018,50.35,53.2,53.23,49.88,-0.04
3/26/2018,52.7,52.53,52.96,50.53,0.03
3/23/2018,51.33,52.57,53.34,51.24,-0.03
3/22/2018,52.66,54,54.2,52.48,-0.04
3/21/2018,54.7,54.63,55.44,54.36,0
3/20/2018,54.79,54.92,55.28,54.12,0
3/19/2018,55,55.89,55.97,54.45,-0.03
3/16/2018,56.72,57.77,57.84,56.57,-0.01
3/15/2018,57.53,57.48,58.12,56.78,0
3/14/2018,57.44,57.29,57.99,57.12,0.01
3/13/2018,57,58.59,58.9,56.73,-0.02
3/12/2018,58.3,58.25,58.91,57.96,0
3/9/2018,58.04,56.98,58.05,56.71,0.03
3/8/2018,56.47,55.86,56.57,55.86,0.01
3/7/2018,55.75,54.64,55.81,54.5,0.01
3/6/2018,55.05,55.11,55.28,54.73,0.01
3/5/2018,54.74,53.91,55.06,53.61,0.01
3/2/2018,54.21,52.9,54.34,52.51,0.01
3/1/2018,53.57,55.48,55.56,53.36,-0.03
2/28/2018,55.2,56.1,56.38,55.15,-0.01
2/27/2018,55.88,57.19,57.21,55.84,-0.02
2/26/2018,57.19,56.59,57.21,56.47,0.01
2/23/2018,56.4,55.93,56.45,55.42,0.02
2/22/2018,55.49,55.96,56.27,55.26,0
2/21/2018,55.69,55.45,56.81,55.38,0.01
2/20/2018,55.18,54.64,55.81,54.5,0.01
2/16/2018,54.77,54.67,55.42,54.58,0
2/15/2018,54.57,54.17,54.7,53.36,0.02
2/14/2018,53.63,52.72,53.77,52.49,0.02
2/13/2018,52.71,52.5,53.06,52.35,0
2/12/2018,52.73,52.83,53.28,52.27,0.01
2/9/2018,52.31,51.29,52.59,49.85,0.04
2/8/2018,50.39,52.99,53.2,50.23,-0.05
2/7/2018,52.77,54.25,54.33,52.73,-0.03
2/6/2018,54.22,51.7,54.37,51.5,0.02
2/5/2018,53.12,55.03,55.75,52.84,-0.05
2/2/2018,55.96,56.37,56.56,55.56,-0.05
2/1/2018,59.08,58.8,59.37,58.47,0
1/31/2018,59.11,59.19,59.32,58.6,0
1/30/2018,58.87,58.89,59.4,58.73,-0.01
1/29/2018,59.32,59.4,59.9,59.2,0
1/26/2018,59.38,59.38,59.38,58.4,0
1/25/2018,59.11,59.04,59.25,58.59,0.01
1/24/2018,58.56,59.25,59.35,58.37,0
1/23/2018,58.81,58.53,58.93,58.36,0.01
1/22/2018,58.21,57.19,58.34,57.09,0.02
1/19/2018,57.17,56.9,57.19,56.62,0.01
1/18/2018,56.8,56.97,57.03,56.22,0
1/17/2018,56.95,56.82,56.97,56.17,0.01
1/16/2018,56.53,57.02,57.44,56.33,0
1/12/2018,56.53,55.51,56.57,55.4,0.02
1/11/2018,55.6,55.62,55.74,55.32,0
1/10/2018,55.51,55.35,55.64,55.2,0
1/9/2018,55.64,55.92,55.92,55.41,0
1/8/2018,55.71,55.55,55.96,55.5,0
1/5/2018,55.51,55.17,55.68,55.09,0.01
1/4/2018,54.79,54.85,55.2,54.71,0
1/3/2018,54.58,53.7,54.8,53.67,0.02
1/2/2018,53.66,52.65,53.8,52.65,0.02
12/29/2017,52.67,52.77,52.9,52.63,0
12/28/2017,52.8,53.11,53.24,52.67,0
12/27/2017,53.01,53.33,53.41,52.92,-0.01
12/26/2017,53.29,53.43,53.44,52.93,0
12/22/2017,53.44,53.5,53.59,53.38,0
12/21/2017,53.54,53.77,53.88,53.45,0
12/20/2017,53.68,54.05,54.06,53.43,-0.01
12/19/2017,53.99,54.15,54.25,53.61,0
12/18/2017,54.25,53.82,54.32,53.52,0.01
12/15/2017,53.6,53.19,53.76,53,0.01
12/14/2017,52.87,52.77,53.35,52.68,0.01
12/13/2017,52.57,52.6,52.77,52.33,0
12/12/2017,52.44,52.5,53.12,52.24,0
12/11/2017,52.6,52.56,52.8,52.21,0
12/8/2017,52.47,52.59,52.82,52.29,0
12/7/2017,52.23,51.8,52.45,51.77,0.01
12/6/2017,51.64,50.83,51.98,50.77,0.01
12/5/2017,50.98,50.55,51.83,50.12,0.01
12/4/2017,50.59,51.39,51.57,50.46,-0.01
12/1/2017,51.25,51.52,51.86,50.84,-0.01
11/30/2017,51.81,52,52.21,51.5,0
11/29/2017,51.87,52.81,52.94,51.48,-0.02
11/28/2017,53.16,53.7,54,52.73,-0.01
11/27/2017,53.6,52.93,53.65,52.74,0.01
11/24/2017,52.83,52.72,53,52.6,0
11/22/2017,52.6,52.56,52.77,52.36,0
11/21/2017,52.52,52,52.52,51.96,0.02
11/20/2017,51.73,51.8,51.93,51.63,0
11/17/2017,51.79,52.49,52.55,51.69,-0.01
11/16/2017,52.42,51.94,52.59,51.9,0.01
11/15/2017,51.82,51.75,51.98,51.54,-0.01
11/14/2017,52.08,51.89,52.12,51.47,0
11/13/2017,52.06,52.04,52.44,51.96,0
11/10/2017,52.21,52.19,52.33,52.06,0
11/9/2017,52.39,52.4,52.54,51.79,-0.01
11/8/2017,52.91,52.5,53.13,52.35,0.01
11/7/2017,52.62,52.48,52.67,52.15,0.01
11/6/2017,52.13,52.45,52.63,52.1,-0.01
11/3/2017,52.5,52.14,52.53,51.88,0.01
11/2/2017,52.15,52,52.28,51.43,0
11/1/2017,52.13,51.82,52.39,51.7,0.01
10/31/2017,51.65,51.65,52.05,51.31,0
10/30/2017,51.66,51.46,51.99,51.12,0
10/27/2017,51.68,51.55,53.18,51.34,0.04
10/26/2017,49.57,49.92,50.33,49.52,0
10/25/2017,49.57,49.31,49.72,48.89,0
10/24/2017,49.42,49.33,49.46,48.85,0
10/23/2017,49.28,50.26,50.29,49.16,-0.02
10/20/2017,50.25,50.35,50.43,50.11,0
10/19/2017,50.09,50.24,50.37,49.87,-0.01
10/18/2017,50.64,50.55,50.82,50.27,0
10/17/2017,50.55,50.37,50.73,50.3,0
10/16/2017,50.47,50.48,50.6,50.08,0
10/13/2017,50.39,50.46,50.74,50.35,0
10/12/2017,50.28,50.19,50.58,50.05,0
10/11/2017,50.28,49.45,50.38,49.4,0.02
10/10/2017,49.39,49.77,49.87,49.06,0
10/9/2017,49.62,49.75,50.02,49.58,0
10/6/2017,49.68,49,49.71,48.93,0.01
10/5/2017,49.26,48.64,49.33,48.51,0.02
10/4/2017,48.34,48.59,48.72,48.28,-0.01
10/3/2017,48.6,48.38,48.62,48.14,0
10/2/2017,48.37,48.78,48.89,48.1,-0.01
9/29/2017,48.69,48.3,48.79,48.3,0.01
9/28/2017,48.24,47.81,48.31,47.78,0.01
9/27/2017,47.99,47.14,48.27,47.1,0.02
9/26/2017,46.87,46.83,47.2,46.76,0
9/25/2017,46.71,46.97,46.99,46.23,-0.01
9/22/2017,47.16,47.14,47.5,47.04,0
9/21/2017,47.38,47.41,47.64,46.97,0
9/20/2017,47.38,46.89,47.5,46.88,0.01
9/19/2017,46.84,46.67,46.9,46.33,0.01
9/18/2017,46.49,46.75,46.84,46.27,-0.01
9/15/2017,46.76,47,47.09,46.56,-0.01
9/14/2017,47.01,47.3,47.4,46.92,-0.01
9/13/2017,47.52,47.27,47.64,47.24,0
9/12/2017,47.33,47.35,47.4,46.88,0
9/11/2017,47.16,47.36,47.63,47.05,0
9/8/2017,47.07,47.48,47.53,47,-0.01
9/7/2017,47.49,47.21,47.52,46.88,0.01
9/6/2017,47.1,47.19,47.23,46.63,0
9/5/2017,47.07,47.34,47.57,46.78,-0.01
9/1/2017,47.6,47.87,47.92,47.51,0
8/31/2017,47.76,47.31,47.86,47.31,0.01
8/30/2017,47.18,46.78,47.29,46.7,0.01
8/29/2017,46.79,46,46.91,45.97,0.01
8/28/2017,46.41,46.59,46.74,46.31,0
8/25/2017,46.52,46.96,47.04,46.51,-0.01
8/24/2017,46.84,47.19,47.32,46.54,-0.01
8/23/2017,47.13,46.85,47.27,46.76,0
8/22/2017,47.02,46.35,47.1,46.31,0.02
8/21/2017,46.04,46.29,46.41,45.93,-0.01
8/18/2017,46.31,46.35,46.55,46.17,0
8/17/2017,46.38,47.15,47.19,46.38,-0.02
8/16/2017,47.21,47.06,47.49,47,0.01
8/15/2017,46.9,47.05,47.15,46.83,0
8/14/2017,46.95,46.95,47.05,46.72,0.01
8/11/2017,46.5,46.19,46.67,46.06,0.01
8/10/2017,46.18,46.75,46.81,46.09,-0.02
8/9/2017,47,46.92,47.19,46.7,0
8/8/2017,47.21,47.21,47.62,47.12,0
8/7/2017,47.29,47.38,47.45,47.17,0
8/4/2017,47.29,47.2,47.38,46.99,0.01
8/3/2017,47.02,47.45,47.5,46.97,-0.01
8/2/2017,47.38,47.42,47.45,46.63,0
8/1/2017,47.33,47.39,47.72,47.25,0
7/31/2017,47.27,48,48.06,47.09,-0.01
7/28/2017,47.92,47.4,48.09,47.27,0.01
7/27/2017,47.63,48.46,48.48,46.85,-0.01
7/26/2017,48.27,48.64,48.7,48.01,0
7/25/2017,48.45,48.53,48.84,48.19,-0.03
7/24/2017,49.92,49.7,50.31,49.51,0
7/21/2017,49.69,49.45,49.76,49.21,0
7/20/2017,49.61,49.85,49.93,49.23,0
7/19/2017,49.64,49.5,49.78,49.35,0.01
7/18/2017,49.35,48.67,49.54,48.6,0.01
7/17/2017,48.8,48.82,49.17,48.54,0
7/14/2017,48.85,48.7,48.88,48.51,0.01
7/13/2017,48.44,48.54,48.94,48.24,0
7/12/2017,48.38,48.04,48.48,47.85,0.01
7/11/2017,47.68,47.53,47.74,47.26,0
7/10/2017,47.55,47.1,47.66,47.1,0.01
7/7/2017,47.04,46.55,47.23,46.49,0.01
7/6/2017,46.38,46.25,46.81,45.99,0
7/5/2017,46.61,46.21,46.81,45.93,0.01
7/3/2017,45.97,46.66,46.71,45.77,-0.01
6/30/2017,46.48,47.2,47.25,46.48,-0.01
6/29/2017,46.89,47.57,47.58,46.48,-0.02
6/28/2017,48.05,47.53,48.16,46.81,0.01
6/27/2017,47.4,48.08,48.36,47.35,-0.02
6/26/2017,48.6,49.5,49.7,48.52,-0.01
6/23/2017,49.3,48.77,49.33,48.72,0.01
6/22/2017,48.83,48.84,49.02,48.67,0
6/21/2017,48.93,48.54,48.98,48.46,0.01
6/20/2017,48.45,48.77,49.04,48.41,-0.01
6/19/2017,48.76,48.48,48.97,48.41,0.02
6/16/2017,47.93,47.9,48,47.44,0
6/15/2017,48.01,47.4,48.03,47.02,-0.01
6/14/2017,48.4,48.77,48.98,47.98,0
6/13/2017,48.52,48.6,48.9,48.1,0.01
6/12/2017,48.09,47.94,48.4,46.84,-0.01
6/9/2017,48.51,50.27,50.27,47.67,-0.03
6/8/2017,50.21,50.21,50.28,49.83,0
6/7/2017,50.08,49.94,50.2,49.79,0.01
6/6/2017,49.83,50.17,50.43,49.74,-0.01
6/5/2017,50.19,49.89,50.37,49.77,0.01
6/2/2017,49.81,49.43,49.82,49.35,0.01
6/1/2017,49.41,49.55,49.66,49.06,0
5/31/2017,49.35,49.81,49.98,49.08,-0.01
5/30/2017,49.81,49.62,49.88,49.57,0
5/26/2017,49.66,49.6,49.82,49.37,0
5/25/2017,49.59,48.95,49.79,48.89,0.01
5/24/2017,48.88,48.76,48.91,48.58,0.01
5/23/2017,48.53,48.5,48.73,48.23,0.01
5/22/2017,48.2,47.85,48.24,47.83,0.01
5/19/2017,47.73,47.64,47.98,47.6,0
5/18/2017,47.52,47.16,47.71,47.06,0.01
5/17/2017,47.11,47.98,48.05,47,-0.02
5/16/2017,48.23,48.18,48.29,48.02,0.01
5/15/2017,47.96,47.76,48.13,47.64,0
5/12/2017,47.76,47.89,47.9,47.6,0
5/11/2017,47.79,47.56,47.9,47.43,0
5/10/2017,47.74,47.81,47.84,47.49,0
5/9/2017,47.84,48.07,48.11,47.72,0
5/8/2017,47.93,47.37,48.05,47.37,0.01
5/5/2017,47.51,47.84,47.92,47.4,0
5/4/2017,47.74,47.51,47.96,47.37,0.01
5/3/2017,47.42,46.8,47.51,46.76,0.01
5/2/2017,46.85,46.66,47.15,46.55,0
5/1/2017,46.64,46.21,46.79,46.04,0.01
4/28/2017,46.23,46.45,46.8,46.16,0.04
4/27/2017,44.57,44.5,44.67,44.36,0
4/26/2017,44.46,44.57,44.65,44.26,0
4/25/2017,44.44,44.11,44.61,43.96,0.01
4/24/2017,43.95,43.42,44,43.31,0.02
4/21/2017,42.95,43.03,43.12,42.89,0
4/20/2017,43,42.99,43.2,42.88,0
4/19/2017,42.83,42.87,43.01,42.68,0
4/18/2017,42.7,42.63,42.87,42.56,0
4/17/2017,42.76,42.07,42.78,42.05,0.02
4/13/2017,42.01,42.05,42.19,41.89,0
4/12/2017,42.07,41.92,42.19,41.88,0
4/11/2017,41.99,42.09,42.23,41.73,0
4/10/2017,42.09,42.08,42.34,42.04,0
4/7/2017,42.1,42.25,42.29,41.87,0
4/6/2017,42.25,42.48,42.68,42.2,0
4/5/2017,42.45,42.74,43.03,42.38,0
4/4/2017,42.63,42.4,42.65,42.38,0
4/3/2017,42.84,42.44,42.95,42.38,0.01
3/31/2017,42.39,42.34,42.48,42.26,0
3/30/2017,42.47,42.6,42.6,42.34,0
3/29/2017,42.49,42.14,42.58,42.07,0.01
3/28/2017,42.03,41.98,42.27,41.61,0
3/27/2017,41.93,41.4,42.07,41.22,0
3/24/2017,41.76,42.1,42.2,41.45,-0.01
3/23/2017,41.98,42.07,42.08,41.65,-0.01
3/22/2017,42.49,42.47,42.77,42.35,0
3/21/2017,42.51,43.5,43.67,42.38,-0.02
3/20/2017,43.4,43.47,43.52,43.23,-0.01
3/17/2017,43.62,43.68,43.72,43.42,0
3/16/2017,43.5,43.53,43.64,43.38,0
3/15/2017,43.42,43.4,43.49,43.06,0
3/14/2017,43.3,43.19,43.38,43.01,0
3/13/2017,43.23,43.04,43.36,43.04,0
3/10/2017,43.07,43.13,43.21,42.88,0
3/9/2017,42.89,42.68,43.04,42.63,0
3/8/2017,42.68,42.66,42.85,42.56,0
3/7/2017,42.56,42.36,42.67,42.28,0
3/6/2017,42.36,42.34,42.45,42.06,0
3/3/2017,42.45,42.45,42.54,42.24,0
3/2/2017,42.49,42.82,42.82,42.44,-0.01
3/1/2017,42.84,42.57,42.9,42.45,0.01
2/28/2017,42.25,42.37,42.44,42.07,-0.01
2/27/2017,42.48,42.25,42.53,42.15,0
2/24/2017,42.39,42.38,42.42,42.15,0
2/23/2017,42.55,42.55,42.63,42.12,0
2/22/2017,42.57,42.4,42.69,42.34,0
2/21/2017,42.46,42.4,42.61,42.33,0
2/17/2017,42.33,42.07,42.35,41.99,0.01
2/16/2017,42.11,41.92,42.13,41.86,0.01
2/15/2017,41.87,41.94,42.09,41.81,0
2/14/2017,42,41.99,42.1,41.79,0
2/13/2017,41.95,41.88,42.09,41.81,0.01
2/10/2017,41.74,41.65,41.86,41.53,0.01
2/9/2017,41.5,41.59,41.6,41.33,0
2/8/2017,41.49,41.53,41.71,41.26,0
2/7/2017,41.46,41.27,41.6,41.16,0.01
2/6/2017,41.08,41.05,41.12,40.71,0
2/3/2017,41.01,41.16,41.31,40.97,0
2/2/2017,40.91,40.75,41.23,40.6,0
2/1/2017,40.76,41.2,41.2,40.61,-0.01
1/31/2017,41.01,40.98,41.15,40.67,0
1/30/2017,41.19,41.85,41.86,41.05,-0.03
1/27/2017,42.25,42.95,43.35,42.09,-0.01
1/26/2017,42.85,42.95,43.05,42.53,0
1/25/2017,42.92,42.68,42.94,42.49,0.01
1/24/2017,42.48,42.35,42.58,42.11,0.01
1/23/2017,42.22,41.58,42.28,41.44,0.02
1/20/2017,41.41,41.45,41.46,41.23,0
1/19/2017,41.22,41.45,41.65,41.2,-0.01
1/18/2017,41.45,41.49,41.49,41.2,0
1/17/2017,41.37,41.5,41.51,41.16,0
1/13/2017,41.55,41.55,41.73,41.48,0
1/12/2017,41.48,41.42,41.52,41.05,0
1/11/2017,41.49,41.33,41.49,41.07,0
1/10/2017,41.3,41.35,41.47,41.16,0
1/9/2017,41.36,41.32,41.52,41.08,0
1/6/2017,41.26,40.75,41.45,40.58,0.02
1/5/2017,40.65,40.38,40.69,40.3,0.01
1/4/2017,40.39,40.49,40.67,40.21,0
1/3/2017,40.4,40.03,40.57,39.84,0.02
12/30/2016,39.62,40.16,40.16,39.48,-0.01
12/29/2016,40.14,40.12,40.29,39.91,0
12/28/2016,40.23,40.67,40.67,40.12,-0.01
12/27/2016,40.5,40.43,40.8,40.29,0
12/23/2016,40.39,40.4,40.55,40.26,0
12/22/2016,40.48,40.45,40.55,40.3,0
12/21/2016,40.61,40.79,40.79,40.26,0
12/20/2016,40.76,40.67,40.82,40.55,0
12/19/2016,40.62,40.46,40.81,40.23,0
12/16/2016,40.49,40.92,40.96,40.41,-0.01
12/15/2016,40.78,40.87,41.15,40.6,0
12/14/2016,40.89,40.8,41.21,40.64,0
12/13/2016,40.77,40.62,41.22,40.6,0.01
12/12/2016,40.4,40.24,40.57,40.23,0
12/9/2016,40.47,39.97,40.5,39.9,0.02
12/8/2016,39.76,39.65,39.95,39.4,0
12/7/2016,39.57,39,39.6,38.68,0.02
12/6/2016,38.81,39.01,39.26,38.67,0
12/5/2016,38.91,38.5,39,38.35,0.02
12/2/2016,38.22,38.09,38.52,37.95,0
12/1/2016,38.22,38.93,38.93,37.67,-0.01
11/30/2016,38.79,39.45,39.58,38.66,-0.02
11/29/2016,39.47,39.42,39.82,39.27,0
11/28/2016,39.29,38.92,39.99,38.91,0.01
11/25/2016,39.01,39.13,39.15,38.91,0
11/23/2016,38.95,39.48,39.48,38.63,-0.01
11/22/2016,39.25,39.45,39.69,39.19,0
11/21/2016,39.24,38.91,39.33,38.81,0.01
11/18/2016,38.8,39.36,39.56,38.77,-0.01
11/17/2016,39.31,39.12,39.45,38.99,0.01
11/16/2016,39,38.52,39.17,38.32,0.01
11/15/2016,38.76,38.27,39.01,38.26,0.03
11/14/2016,37.66,38.59,38.59,37.18,-0.02
11/11/2016,38.59,38.84,38.86,38.28,-0.01
11/10/2016,39.01,40.5,40.5,38.41,-0.03
11/9/2016,40.28,40.09,40.59,39.6,-0.01
11/8/2016,40.6,40.1,40.8,39.98,0.01
11/7/2016,40.1,39.75,40.25,39.65,0.03
11/4/2016,39.05,38.56,39.42,38.55,0
11/3/2016,39.11,39.23,39.5,38.93,-0.01
11/2/2016,39.42,40.34,40.34,39.25,-0.02
11/1/2016,40.27,40.54,40.7,39.91,-0.01
10/31/2016,40.49,41.12,41.13,40.4,-0.01
10/28/2016,40.98,41.5,41.95,40.85,0
10/27/2016,40.87,41.15,41.33,40.73,-0.01
10/26/2016,41.1,41.36,41.39,40.82,-0.01
10/25/2016,41.43,41.92,41.92,41.27,-0.01
10/24/2016,41.79,41.5,41.9,41.45,0.01
10/21/2016,41.2,41,41.21,40.92,0
10/20/2016,41.08,41.38,41.42,41.03,-0.01
10/19/2016,41.35,41.23,41.49,41.16,0.01
10/18/2016,41.07,40.71,41.44,40.67,0.02
10/17/2016,40.34,40.3,40.67,40.19,0
10/14/2016,40.23,40.37,40.5,40.12,0
10/13/2016,40.2,40.3,40.33,39.93,-0.01
10/12/2016,40.59,40.6,40.73,40.43,0
10/11/2016,40.48,40.71,40.99,40.37,-0.01
10/10/2016,40.71,40.2,40.87,40.11,0.02
10/7/2016,40.04,40.3,40.3,39.84,0
10/6/2016,40.15,40.2,40.35,40.03,0
10/5/2016,40.06,40.3,40.42,40.04,0
10/4/2016,40.14,40.25,40.33,39.98,0
10/3/2016,40.02,40.13,40.18,39.81,0
9/30/2016,40.2,40.18,40.4,40.08,0
9/29/2016,40.13,40.36,40.7,40.04,-0.01
9/28/2016,40.5,40.2,40.51,40.14,0
9/27/2016,40.54,40.09,40.67,40.09,0.01
9/26/2016,40.13,40.49,40.5,40.02,-0.02
9/23/2016,40.75,40.76,40.85,40.64,0
9/22/2016,40.8,40.5,40.95,40.39,0.01
9/21/2016,40.25,40.06,40.3,39.8,0.01
9/20/2016,39.99,40,40.14,39.91,0.01
9/19/2016,39.77,40.06,40.2,39.68,0
9/16/2016,39.9,39.95,39.95,39.68,0
9/15/2016,40.06,39.5,40.18,39.43,0.01
9/14/2016,39.52,39.38,39.82,39.38,0
9/13/2016,39.44,39.7,39.79,39.22,-0.01
9/12/2016,39.94,39.23,40.01,39.17,0.01
9/9/2016,39.42,39.94,40.09,39.4,-0.02
9/8/2016,40.14,40.26,40.42,40.05,-0.01
9/7/2016,40.4,40.4,40.53,40.19,0
9/6/2016,40.4,39.92,40.54,39.77,0.01
9/2/2016,39.84,39.76,39.85,39.66,0.01
9/1/2016,39.57,39.6,39.64,39.32,0
8/31/2016,39.49,39.48,39.58,39.36,0
8/30/2016,39.6,39.64,39.9,39.47,0
8/29/2016,39.79,39.65,39.93,39.52,0
8/26/2016,39.66,39.62,39.97,39.47,0
8/25/2016,39.56,39.6,39.74,39.36,0
8/24/2016,39.68,39.84,39.92,39.54,0
8/23/2016,39.83,40.02,40.05,39.8,0
8/22/2016,39.85,39.93,39.97,39.72,0
8/19/2016,39.98,39.99,40.06,39.84,0
8/18/2016,40.14,40.27,40.4,40.08,0
8/17/2016,40.27,40,40.28,39.81,0.01
8/16/2016,40.06,40.17,40.21,39.85,-0.01
8/15/2016,40.3,40.36,40.57,40.2,0
8/12/2016,40.35,40.25,40.36,40.18,0
8/11/2016,40.41,40.52,40.69,40.3,0
8/10/2016,40.42,40.35,40.54,40.32,0
8/9/2016,40.37,40.22,40.67,40.2,0
8/8/2016,40.26,40.3,40.38,40.08,0
8/5/2016,40.35,40.01,40.36,39.89,0.01
8/4/2016,39.86,39.91,40.01,39.7,0
8/3/2016,39.95,39.82,39.98,39.65,0
8/2/2016,40.01,39.87,40.12,39.73,0
8/1/2016,40.05,39.33,40.37,39.25,0.01
7/29/2016,39.57,39.89,40.2,39.5,0.03
7/28/2016,38.29,38.44,38.45,37.95,0.01
7/27/2016,38.1,37.95,38.22,37.8,0.01
7/26/2016,37.88,37.88,37.96,37.64,0
7/25/2016,37.88,37.88,37.99,37.7,0
7/22/2016,37.96,37.87,37.97,37.63,0.01
7/21/2016,37.72,37.85,37.91,37.58,0
7/20/2016,37.85,37.7,38.03,37.7,0
7/19/2016,37.67,37.49,37.83,37.42,0
7/18/2016,37.66,36.9,37.76,36.83,0.02
7/15/2016,36.78,37.05,37.05,36.73,0
7/14/2016,36.79,36.7,36.81,36.53,0.01
7/13/2016,36.47,36.78,36.78,36.45,0
7/12/2016,36.63,36.6,36.78,36.38,0.01
7/11/2016,36.36,35.97,36.45,35.94,0.01
7/8/2016,35.89,35.53,35.9,35.41,0.02
7/7/2016,35.36,35.51,35.51,35.03,0
7/6/2016,35.45,34.99,35.65,34.95,0.01
7/5/2016,35.24,35.25,35.41,34.96,-0.01
7/1/2016,35.51,35.26,35.63,35.19,0.01
6/30/2016,35.18,34.88,35.19,34.75,0.01
6/29/2016,34.76,34.71,34.98,34.63,0.01
6/28/2016,34.56,34.57,34.64,34.24,0.01
6/27/2016,34.06,34.12,34.17,33.63,-0.01
6/24/2016,34.26,34.51,35.25,34.25,-0.04
6/23/2016,35.74,35.53,35.74,35.01,0.01
6/22/2016,35.52,35.7,35.71,35.29,0
6/21/2016,35.44,35.5,35.77,35.23,0
6/20/2016,35.31,35.52,35.79,35.27,0
6/17/2016,35.21,36.07,36.07,35.06,-0.03
6/16/2016,36.21,36.4,36.52,35.78,-0.01
6/15/2016,36.61,36.75,36.86,36.57,0
6/14/2016,36.66,36.47,36.8,36.33,0
6/13/2016,36.59,36.49,36.95,36.49,0
6/10/2016,36.66,36.8,36.98,36.53,-0.01
6/9/2016,37.13,36.85,37.2,36.83,0
6/8/2016,37.15,36.98,37.19,36.79,0.02
6/7/2016,36.55,36.66,36.84,36.54,0
6/6/2016,36.5,36.92,36.92,36.41,-0.01
6/3/2016,36.79,37.07,37.07,36.7,-0.01
6/2/2016,37.21,37.3,37.37,36.85,-0.01
6/1/2016,37.42,37.42,37.57,37.22,0
5/31/2016,37.44,37.44,37.67,37.28,0
5/27/2016,37.38,36.88,37.4,36.85,0.01
5/26/2016,36.85,36.8,37.05,36.65,0
5/25/2016,36.91,36.75,36.99,36.63,0.01
5/24/2016,36.65,35.99,36.71,35.98,0.02
5/23/2016,35.86,36,36.17,35.85,-0.01
5/20/2016,36.09,35.82,36.38,35.75,0.01
5/19/2016,35.77,35.91,36.02,35.52,-0.01
5/18/2016,36.09,35.92,36.28,35.75,0
5/17/2016,36.01,36.55,36.79,35.9,-0.01
5/16/2016,36.52,36.22,36.63,36,0.01
5/13/2016,36.24,36.33,36.56,36.18,0
5/12/2016,36.4,36.6,36.77,36.21,0
5/11/2016,36.53,37.03,37.04,36.4,-0.01
5/10/2016,36.97,36.75,37,36.58,0.01
5/9/2016,36.46,36.34,36.71,36.17,0.01
5/6/2016,36.26,35.61,36.3,35.6,0.01
5/5/2016,35.74,35.75,35.88,35.47,0
5/4/2016,35.57,35.34,35.75,35.2,0
5/3/2016,35.42,35.62,35.67,35.37,-0.01
5/2/2016,35.72,35.6,35.77,35.32,0.01
4/29/2016,35.39,35.21,35.61,35.19,0
4/28/2016,35.25,36.16,36.46,35.16,-0.02
4/27/2016,36.07,36.27,36.36,35.45,-0.01
4/26/2016,36.27,37.22,37.28,36.02,-0.02
4/25/2016,37.11,36.77,37.24,36.76,0.01
4/22/2016,36.89,37.2,37.7,36.52,-0.05
4/21/2016,39,38.87,39.08,38.58,0.01
4/20/2016,38.75,38.96,38.98,38.56,0
4/19/2016,38.81,39.52,39.55,38.51,-0.01
4/18/2016,39.38,39.01,39.43,38.88,0.01
4/15/2016,39,38.77,39.05,38.75,0.01
4/14/2016,38.77,38.77,38.98,38.66,0
4/13/2016,38.6,38.52,38.79,38.23,0.01
4/12/2016,38.22,37.92,38.25,37.58,0.01
4/11/2016,37.88,38.27,38.36,37.87,0
4/8/2016,37.97,38.29,38.36,37.79,0
4/7/2016,38.01,38.27,38.47,37.88,-0.01
4/6/2016,38.4,37.89,38.42,37.81,0.01
4/5/2016,37.93,37.91,38.14,37.78,-0.01
4/4/2016,38.26,38.48,38.62,38.09,-0.01
4/1/2016,38.48,37.86,38.5,37.76,0.01
3/31/2016,38.15,38.42,38.45,37.91,-0.01
3/30/2016,38.42,38.41,38.87,38.38,0
3/29/2016,38.29,37.68,38.36,37.41,0.02
3/28/2016,37.66,37.81,37.91,37.6,0
3/24/2016,37.74,37.56,37.88,37.52,0
3/23/2016,37.88,38.17,38.27,37.8,0
3/22/2016,38,37.92,38.25,37.89,0
3/21/2016,38.11,37.7,38.17,37.56,0.01
3/18/2016,37.77,38.08,38.11,37.59,0
3/17/2016,37.92,37.88,38.27,37.87,0
3/16/2016,37.87,37.45,37.95,37.33,0.01
3/15/2016,37.53,37.3,37.65,37.14,0
3/14/2016,37.51,37.25,37.71,37.18,0.01
3/11/2016,37.24,37,37.24,36.84,0.02
3/10/2016,36.61,36.39,36.83,36.16,0.01
3/9/2016,36.27,35.76,36.31,35.63,0.02
3/8/2016,35.68,35.42,36.11,35.2,0
3/7/2016,35.64,36.26,36.36,35.26,-0.02
3/4/2016,36.51,36.74,36.75,36.28,0
3/3/2016,36.58,36.97,37.05,36.48,-0.01
3/2/2016,36.97,37.14,37.16,36.66,0
3/1/2016,37.11,36.06,37.12,35.93,0.03
2/29/2016,35.86,36.05,36.53,35.84,-0.95
2/26/2016,36.24,36.68,36.81,36.1,-0.01
2/25/2016,36.46,36.15,36.48,35.66,0.01
2/24/2016,36.05,35.53,36.06,35.1,0.01
2/23/2016,35.86,36.3,36.55,35.78,-0.02
2/22/2016,36.45,36.48,36.74,36.17,0.01
2/19/2016,36.11,35.8,36.2,35.66,0.01
2/18/2016,35.88,36.7,36.8,35.78,-0.02
2/17/2016,36.6,36.35,36.69,35.83,0.02
2/16/2016,35.88,35.93,36.14,35.51,0.02
2/12/2016,35.34,35.61,35.8,35.08,0
2/11/2016,35.32,34.82,35.62,34.56,0
2/10/2016,35.34,35.59,36.16,35.27,0.01
2/9/2016,35.05,34.65,36.05,34.42,0
2/8/2016,35.21,34.38,35.23,34.1,0
2/5/2016,35.19,36.27,36.34,35.01,-0.04
2/4/2016,36.5,37.23,37.26,36.13,-0.03
2/3/2016,37.47,39.31,39.57,36.81,-0.04
2/2/2016,39.05,40.02,40.52,39.03,0.01
2/1/2016,38.54,38.56,38.88,38.07,0.01
1/29/2016,38.07,37.45,38.26,37.21,0.02
1/28/2016,37.41,36.91,37.56,36.53,0.04
1/27/2016,35.88,36.79,36.79,35.67,-0.02
1/26/2016,36.69,36.76,36.97,36.35,0
1/25/2016,36.68,37.19,37.62,36.63,-0.02
1/22/2016,37.27,37.1,37.43,37.02,0.03
1/21/2016,36.33,36.01,36.88,35.56,0.01
1/20/2016,35.93,35.3,36.35,34.39,0
1/19/2016,35.95,36.01,36.27,35.49,0.01
1/15/2016,35.52,35.5,36.21,35.08,-0.03
1/14/2016,36.57,36.22,36.99,35.25,0.02
1/13/2016,35.98,37.47,37.65,35.84,-0.03
1/12/2016,37.27,37.04,37.42,36.82,0.02
1/11/2016,36.65,36.6,36.75,35.98,0
1/8/2016,36.55,37.39,37.51,36.45,-0.01
1/7/2016,37.05,37.32,37.77,36.76,-0.02
1/6/2016,37.97,37.52,38.29,37.4,0
1/5/2016,38.08,38.2,38.46,37.78,0
1/4/2016,37.97,38.11,38.11,37.38,-0.02
12/31/2015,38.9,39.39,39.42,38.87,-0.02
12/30/2015,39.52,39.7,39.82,39.36,0
12/29/2015,39.7,39.35,39.93,39.31,0.02
12/28/2015,39.11,38.5,39.14,38.39,0.02
12/24/2015,38.29,38.43,38.46,38.22,0
12/23/2015,38.43,38.53,38.59,37.88,0
12/22/2015,38.36,38.21,38.52,38.06,0.01
12/21/2015,38.04,38.15,38.32,37.71,0.01
12/18/2015,37.84,38.36,38.71,37.83,-0.02
12/17/2015,38.49,39.06,39.08,38.47,-0.01
12/16/2015,38.83,38.33,39.08,37.85,0.02
12/15/2015,38,38.39,38.74,37.9,0
12/14/2015,38.13,37.56,38.21,36.81,0.02
12/11/2015,37.52,37.45,37.87,37.43,-0.01
12/10/2015,38,38.18,38.3,37.75,0
12/9/2015,38.13,38.55,38.8,37.6,-0.02
12/8/2015,38.76,38.23,38.93,38.13,0
12/7/2015,38.65,39,39.05,38.34,-0.01
12/4/2015,38.96,38.49,39.12,38.28,0.01
12/3/2015,38.41,39.03,39.22,38.12,-0.01
12/2/2015,38.89,39.26,39.65,38.82,-0.01
12/1/2015,39.19,38.35,39.25,38.3,0.03
11/30/2015,38.14,38.59,38.75,38.06,-0.01
11/27/2015,38.6,38.46,38.7,38.35,0
11/25/2015,38.46,38.58,38.65,38.33,0
11/24/2015,38.48,38.65,38.8,37.91,-0.01
11/23/2015,38.84,38.87,39.15,38.68,0
11/20/2015,38.85,38.47,38.97,38.2,0.02
11/19/2015,38,37.99,38.16,37.86,0
11/18/2015,38,37.48,38.05,37.37,0.02
11/17/2015,37.3,37.62,37.75,37.2,-0.01
11/16/2015,37.52,37.01,37.59,36.72,0.01
11/13/2015,37,37.7,37.77,36.97,-0.02
11/12/2015,37.83,38.01,38.29,37.79,-0.01
11/11/2015,38.26,38.12,38.45,37.99,0.01
11/10/2015,37.91,37.67,38.03,37.42,0
11/9/2015,37.74,37.93,38.16,37.46,-0.01
11/6/2015,38.08,37.97,38.15,37.75,0
11/5/2015,38.03,37.94,38.32,37.87,0.01
11/4/2015,37.77,37.49,37.99,37.46,0.01
11/3/2015,37.44,37.27,37.58,37.06,0
11/2/2015,37.39,36.89,37.41,36.57,0.01
10/30/2015,36.87,37.28,37.32,36.83,-0.01
10/29/2015,37.24,36.83,37.34,36.76,0.01
10/28/2015,36.85,36.65,36.87,36.36,0.01
10/27/2015,36.64,36.33,36.8,36.21,0
10/26/2015,36.56,36,36.75,36,0.02
10/23/2015,35.97,37.5,37.62,35.9,0.06
10/22/2015,34.06,33.77,34.4,33.59,0.01
10/21/2015,33.59,34.16,34.24,33.53,-0.01
10/20/2015,34,34.89,34.9,33.68,-0.03
10/19/2015,35,34.7,35.01,34.61,0.01
10/16/2015,34.77,34.77,34.81,34.45,0
10/15/2015,34.65,34.26,34.71,34.22,0.02
10/14/2015,34.02,34.19,34.5,33.95,0
10/13/2015,34.16,33.71,34.42,33.66,0.01
10/12/2015,33.82,33.46,33.9,33.36,0.01
10/9/2015,33.56,33.37,33.7,33.12,0.01
10/8/2015,33.35,33.47,33.59,32.72,0
10/7/2015,33.5,33.87,33.94,32.91,0
10/6/2015,33.58,33.47,33.94,33.15,0
10/5/2015,33.58,33.08,33.65,32.79,0.02
10/2/2015,32.85,31.9,32.91,31.68,0.02
10/1/2015,32.1,31.9,32.19,31.56,0.01
9/30/2015,31.92,31.59,31.97,31.46,0.03
9/29/2015,31.13,31.27,31.73,30.9,0
9/28/2015,31.21,31.95,32.14,30.89,-0.03
9/25/2015,32.01,32.93,32.93,31.98,-0.02
9/24/2015,32.75,32.45,32.84,32.11,0
9/23/2015,32.66,32.65,33.01,32.54,0
9/22/2015,32.66,32.87,32.94,32.25,-0.02
9/21/2015,33.35,33.28,33.45,32.9,0.01
9/18/2015,33.05,33.25,33.49,33,-0.02
9/17/2015,33.58,33.37,34.1,33.25,0.01
9/16/2015,33.28,33.28,33.4,33.11,0
9/15/2015,33.25,32.84,33.44,32.67,0.02
9/14/2015,32.62,32.78,32.8,32.48,0
9/11/2015,32.77,32.51,32.77,32.37,0.01
9/10/2015,32.55,32.2,32.74,32.09,0.01
9/9/2015,32.17,32.59,32.87,32.05,0
9/8/2015,32.19,32.05,32.25,31.64,0.02
9/4/2015,31.45,31.48,31.73,31.32,-0.01
9/3/2015,31.85,32.4,32.56,31.69,-0.01
9/2/2015,32.25,31.9,32.25,31.53,0.02
9/1/2015,31.48,31.69,32.22,31.25,-0.03
8/31/2015,32.39,32.72,33.22,32.32,-0.02
8/28/2015,32.98,33.29,33.35,32.69,-0.01
8/27/2015,33.4,33.6,33.7,32.55,0.01
8/26/2015,32.99,32.16,33.12,31.52,0.08
8/25/2015,30.62,32.32,32.35,30.58,-0.01
8/24/2015,30.91,30.03,32.22,29.65,-0.04
8/21/2015,32.2,33.55,33.64,32.16,-0.05
8/20/2015,33.97,34.45,34.81,33.76,-0.02
8/19/2015,34.7,34.51,35.01,34.34,0.01
8/18/2015,34.44,34.55,34.79,34.27,-0.01
8/17/2015,34.71,34.4,34.74,34.15,0.01
8/14/2015,34.47,34.2,34.61,34.15,0
8/13/2015,34.33,34.46,34.7,34.11,-0.01
8/12/2015,34.57,34.72,34.8,34.03,0
8/11/2015,34.52,34.98,35.2,34.22,0.04
8/10/2015,33.16,33.35,33.58,33.01,0
8/7/2015,33.22,33.39,33.44,32.94,-0.01
8/6/2015,33.51,33.7,33.74,33.04,0
8/5/2015,33.66,33.29,34,33.28,0.02
8/4/2015,33.06,33.22,33.4,33.03,-0.01
8/3/2015,33.24,32.88,33.33,32.88,0.01
7/31/2015,32.88,33.23,33.25,32.86,-0.01
7/30/2015,33.23,32.87,33.4,32.58,0
7/29/2015,33.07,33.11,33.17,32.64,0
7/28/2015,32.98,33.09,33.2,32.67,0
7/27/2015,32.91,32.58,33.35,32.58,0.01
7/24/2015,32.74,33.84,33.89,32.66,-0.03
7/23/2015,33.74,34.59,34.8,33.58,-0.03
7/22/2015,34.76,34.7,35.67,34.58,0
7/21/2015,34.77,34.24,35.28,34.21,0
7/20/2015,34.64,34.45,34.89,34.09,-0.01
7/17/2015,34.98,34,35.15,33.9,0.16
7/16/2015,30.09,29.48,30.23,29.4,0.03
7/15/2015,29.2,29.19,29.43,29.01,0
7/14/2015,29.21,28.73,29.49,28.71,0.02
7/13/2015,28.59,27.98,28.64,27.93,0.03
7/10/2015,27.81,27.69,27.96,27.6,0.02
7/9/2015,27.23,27.43,27.44,27.23,0.01
7/8/2015,27.09,27.28,27.41,27.06,-0.01
7/7/2015,27.5,27.37,27.55,26.99,0.01
7/6/2015,27.28,27.11,27.43,27.1,0
7/2/2015,27.37,27.24,27.4,27.18,0.01
7/1/2015,27.16,27.18,27.29,26.99,0.01
6/30/2015,27,27.25,27.3,26.98,0
6/29/2015,27.06,27.34,27.55,27.01,-0.02
6/26/2015,27.65,27.99,28,27.59,-0.01
6/25/2015,27.9,28.02,28.16,27.87,0
6/24/2015,27.93,28.12,28.13,27.84,-0.01
6/23/2015,28.17,27.99,28.25,27.86,0.01
6/22/2015,27.98,27.97,28.28,27.95,0
6/19/2015,27.88,27.83,27.9,27.61,0
6/18/2015,27.81,27.4,27.86,27.4,0.02
6/17/2015,27.33,27.27,27.42,27.09,0
6/16/2015,27.24,27.22,27.33,27.08,0
6/15/2015,27.15,27.14,27.2,26.96,-0.01
6/12/2015,27.37,27.36,27.44,27.28,0
6/11/2015,27.5,27.72,27.74,27.46,0
6/10/2015,27.63,27.29,27.74,27.26,0.02
6/9/2015,27.11,27.17,27.24,26.94,0
6/8/2015,27.17,27.48,27.49,27.15,-0.01
6/5/2015,27.48,27.6,27.67,27.37,0
6/4/2015,27.58,27.61,27.8,27.46,-0.01
6/3/2015,27.76,27.75,27.9,27.61,0
6/2/2015,27.7,27.37,27.94,27.33,0.01
6/1/2015,27.46,27.44,27.53,27.18,0.01
5/29/2015,27.27,27.66,27.7,27.25,-0.02
5/28/2015,27.71,27.69,27.79,27.54,0
5/27/2015,27.71,27.43,27.76,27.33,0.01
5/26/2015,27.36,27.63,27.67,27.15,-0.01
5/22/2015,27.73,27.72,27.91,27.68,0
5/21/2015,27.84,27.51,27.88,27.47,0.01
5/20/2015,27.63,27.55,27.8,27.25,0.01
5/19/2015,27.46,27.4,27.67,27.36,0
5/18/2015,27.33,27.19,27.42,27.11,0
5/15/2015,27.32,27.52,27.53,27.12,-0.01
5/14/2015,27.46,27.2,27.48,27.12,0.02
5/13/2015,26.97,27.02,27.19,26.95,0
5/12/2015,26.94,27.14,27.15,26.75,-0.01
5/11/2015,27.29,27.42,27.67,27.28,-0.01
5/8/2015,27.45,27.44,27.64,27.4,0.01
5/7/2015,27.1,26.8,27.26,26.67,0.01
5/6/2015,26.75,27.13,27.2,26.61,-0.01
5/5/2015,27.15,27.51,27.63,27.12,-0.02
5/4/2015,27.64,27.55,27.83,27.37,0
5/1/2015,27.56,27.53,27.56,27.19,0
4/30/2015,27.44,27.93,28.06,27.34,-0.02
4/29/2015,28.07,28.03,28.29,27.95,-0.01
4/28/2015,28.22,28.22,28.39,28.05,0
4/27/2015,28.31,28.64,28.78,28.11,-0.01
4/24/2015,28.68,29,29.23,28.42,0.03
4/23/2015,27.87,27.52,28.06,27.5,0.01
4/22/2015,27.46,27.15,27.55,27.07,0.01
4/21/2015,27.15,27.32,27.39,27.11,0
4/20/2015,27.23,26.69,27.29,26.67,0.02
4/17/2015,26.64,26.87,26.99,26.45,-0.02
4/16/2015,27.18,26.92,27.26,26.91,0
4/15/2015,27.05,26.9,27.16,26.62,0
4/14/2015,26.99,27.33,27.33,26.79,-0.02
4/13/2015,27.43,27.35,27.66,27.32,0
4/10/2015,27.43,27.48,27.49,27.25,0
4/9/2015,27.4,27.46,27.47,27.1,0
4/8/2015,27.44,27.3,27.57,27.3,0.01
4/7/2015,27.24,27.25,27.51,27.18,0
4/6/2015,27.2,26.94,27.28,26.79,0
4/2/2015,27.07,27.37,27.4,27.02,-0.01
4/1/2015,27.47,27.74,27.93,27.3,-0.01
3/31/2015,27.73,27.9,28.12,27.73,-0.01
3/30/2015,28.06,28.01,28.11,27.84,0.01
3/27/2015,27.88,28.09,28.2,27.85,-0.01
3/26/2015,28.18,28.23,28.36,27.92,-0.01
3/25/2015,28.35,28.88,29,28.35,-0.02
3/24/2015,28.88,28.43,29.09,28.4,0.02
3/23/2015,28.27,28.3,28.48,28.15,0
3/20/2015,28.25,28.34,28.36,28.22,0
3/19/2015,28.18,28.23,28.35,28.11,0
3/18/2015,28.31,27.89,28.33,27.68,0.02
3/17/2015,27.88,27.91,28.03,27.72,-0.01
3/16/2015,28.08,27.85,28.19,27.57,0.02
3/13/2015,27.65,27.96,28.22,27.52,-0.01
3/12/2015,28.06,27.92,28.09,27.78,0.01
3/11/2015,27.78,27.99,28.21,27.77,-0.01
3/10/2015,27.99,28.42,28.49,27.99,-0.02
3/9/2015,28.7,28.55,28.77,28.45,0
3/6/2015,28.64,29.1,29.14,28.6,-0.01
3/5/2015,29.07,28.98,29.16,28.91,0.01
3/4/2015,28.92,28.85,29.08,28.63,0
3/3/2015,28.94,28.82,29.04,28.52,0.01
3/2/2015,28.75,28.35,28.8,28.16,0.02
2/27/2015,28.13,27.91,28.47,27.85,0.01
2/26/2015,27.96,27.29,28.01,27.25,0.02
2/25/2015,27.37,26.92,27.48,26.9,0.02
2/24/2015,26.93,26.58,26.97,26.55,0.01
2/23/2015,26.75,26.95,26.96,26.6,-0.01
2/20/2015,27.09,27.38,27.38,26.91,-0.01
2/19/2015,27.32,27.12,27.34,27.04,0.01
2/18/2015,27.13,27.19,27.38,26.98,0
2/17/2015,27.25,27.56,27.65,27.16,-0.01
2/13/2015,27.56,27.38,27.63,27.33,0.01
2/12/2015,27.3,26.98,27.42,26.85,0.01
2/11/2015,26.9,26.99,27.1,26.8,0
2/10/2015,27.01,26.61,27.05,26.46,0.02
2/9/2015,26.46,26.55,26.69,26.38,-0.01
2/6/2015,26.69,26.55,27.01,26.43,0.01
2/5/2015,26.49,26.4,26.53,26.28,0.01
2/4/2015,26.3,26.66,26.84,26.25,-0.01
2/3/2015,26.66,26.5,26.87,26.34,0
2/2/2015,26.61,26.72,26.82,26.09,-0.01
1/30/2015,26.88,25.95,27.16,25.91,0.05
1/29/2015,25.66,25.64,25.76,25.17,0
1/28/2015,25.62,26.25,26.28,25.62,-0.02
1/27/2015,26.06,26.57,26.64,26.04,-0.03
1/26/2015,26.84,27.07,27.07,26.6,-0.01
1/23/2015,27.1,26.9,27.27,26.79,0.01
1/22/2015,26.86,26.15,26.94,26.1,0.03
1/21/2015,26.02,25.54,26.09,25.48,0.02
1/20/2015,25.5,25.64,25.78,25.47,0
1/16/2015,25.52,25.16,25.54,25.15,0.01
1/15/2015,25.2,25.44,25.49,25.1,0
1/14/2015,25.3,25.02,25.41,24.91,0.01
1/13/2015,25.09,25.13,25.43,24.86,0.01
1/12/2015,24.85,24.96,25.01,24.55,-0.01
1/9/2015,25.04,25.41,25.43,24.93,-0.01
1/8/2015,25.35,25.08,25.38,24.75,0
1/7/2015,25.26,25.55,25.57,25.18,0
1/6/2015,25.33,26.02,26.06,25.28,-0.02
1/5/2015,25.97,26.36,26.4,25.89,-0.02
1/2/2015,26.48,26.63,26.79,26.39,0
12/31/2014,26.53,26.89,26.92,26.51,-0.01
12/30/2014,26.76,26.75,26.89,26.68,0
12/29/2014,26.87,27.02,27.2,26.86,-0.01
12/26/2014,27.08,26.85,27.16,26.77,0.01
12/24/2014,26.85,26.94,27.01,26.75,0
12/23/2014,26.94,26.73,27.11,26.69,0.01
12/22/2014,26.61,26.03,26.65,26.03,0.02
12/19/2014,26,25.85,26.04,25.44,0.01
12/18/2014,25.73,25.8,25.81,25.33,0.02
12/17/2014,25.32,24.99,25.45,24.96,0.02
12/16/2014,24.91,25.68,25.78,24.86,-0.03
12/15/2014,25.79,26.19,26.27,25.77,-0.01
12/12/2014,26.08,26.37,26.61,26.07,-0.02
12/11/2014,26.61,26.5,26.85,26.46,0.01
12/10/2014,26.4,26.8,26.97,26.37,-0.02
12/9/2014,26.81,26.29,26.83,26.17,0.01
12/8/2014,26.54,26.46,26.69,26.35,0.01
12/5/2014,26.4,26.84,26.91,26.36,-0.03
12/4/2014,27.13,26.88,27.13,26.74,0.01
12/3/2014,26.85,26.88,27.07,26.76,0
12/2/2014,26.93,26.97,27.09,26.73,0
12/1/2014,26.98,27.25,27.44,26.93,-0.02
11/28/2014,27.45,27.35,27.48,27.22,0
11/26/2014,27.39,27.46,27.49,27.26,0
11/25/2014,27.46,27.36,27.62,27.35,0
11/24/2014,27.37,27.33,27.56,27.21,0
11/21/2014,27.29,27.55,27.55,27.25,0
11/20/2014,27.19,27.1,27.27,27.07,-0.01
11/19/2014,27.36,27.24,27.41,26.96,0
11/18/2014,27.23,27.4,27.64,27.19,0
11/17/2014,27.33,27.76,27.76,27.22,-0.02
11/14/2014,27.76,27.9,27.9,27.63,0
11/13/2014,27.82,28.04,28.04,27.7,0
11/12/2014,27.91,28.06,28.06,27.77,-0.01
11/11/2014,28.06,27.93,28.12,27.81,0.01
11/10/2014,27.91,27.62,28.03,27.58,0.01
11/7/2014,27.59,27.78,27.78,27.47,0
11/6/2014,27.58,27.77,27.84,27.53,-0.01
11/5/2014,27.8,28.34,28.34,27.71,-0.01
11/4/2014,28.21,28.06,28.24,27.91,0
11/3/2014,28.19,28.18,28.36,28.08,-0.01
10/31/2014,28.39,28.41,28.44,28.24,0.01
10/30/2014,28.01,27.91,28.12,27.61,0
10/29/2014,27.92,28.04,28.25,27.8,0
10/28/2014,27.95,27.59,27.96,27.52,0.02
10/27/2014,27.49,27.39,27.7,27.36,0
10/24/2014,27.45,27.75,27.75,27.26,-0.01
10/23/2014,27.68,27.41,27.87,27.27,0.02
10/22/2014,27.13,27.05,27.54,27.01,0.01
10/21/2014,26.9,26.86,26.94,26.51,0.01
10/20/2014,26.62,26.02,26.66,25.96,0.02
10/17/2014,26.15,27.02,27.17,25.92,-0.03
10/16/2014,26.85,26.35,27.05,26.25,-0.01
10/15/2014,27.04,27.1,27.2,26.42,-0.01
10/14/2014,27.43,27.51,27.93,27.23,0.01
10/13/2014,27.24,27.76,28.04,27.22,-0.02
10/10/2014,27.76,28.37,28.76,27.75,-0.03
10/9/2014,28.54,29.08,29.13,28.45,-0.02
10/8/2014,29.19,28.74,29.23,28.38,0.02
10/7/2014,28.7,29.25,29.29,28.7,-0.02
10/6/2014,29.39,29.5,29.62,29.27,0
10/3/2014,29.31,29.2,29.41,29.18,0.01
10/2/2014,29.04,28.9,29.16,28.7,0
10/1/2014,28.98,29.34,29.44,28.9,-0.02
9/30/2014,29.42,29.37,29.55,29.23,0
9/29/2014,29.39,29.09,29.47,29.08,0
9/26/2014,29.39,29.3,29.48,29.25,0
9/25/2014,29.26,29.85,29.9,29.24,-0.02
9/24/2014,29.92,29.58,30.01,29.52,0.01
9/23/2014,29.56,29.75,29.83,29.51,-0.01
9/22/2014,29.86,30.12,30.19,29.66,-0.01
9/19/2014,30.27,29.97,30.27,29.89,0.01
9/18/2014,29.86,29.75,29.88,29.65,0.01
9/17/2014,29.66,29.48,29.8,29.36,0.01
9/16/2014,29.44,29.05,29.51,29.05,0.01
9/15/2014,29.08,29.11,29.2,28.85,-0.01
9/12/2014,29.25,29.52,29.57,29.16,-0.01
9/11/2014,29.56,29.5,29.6,29.3,0
9/10/2014,29.67,29.59,29.69,29.36,0
9/9/2014,29.6,30.01,30.03,29.52,-0.02
9/8/2014,30.08,29.96,30.18,29.9,0.01
9/5/2014,29.89,29.76,29.93,29.68,0.01
9/4/2014,29.66,29.61,29.9,29.53,0.01
9/3/2014,29.48,29.59,29.72,29.32,0
9/2/2014,29.43,29.15,29.46,29.12,0.01
8/29/2014,29.12,29.12,29.14,28.91,0
8/28/2014,29.02,29,29.24,28.89,0
8/27/2014,29.15,29.39,29.47,29.05,-0.01
8/26/2014,29.41,29.6,29.6,29.37,0
8/25/2014,29.53,29.74,29.78,29.46,0
8/22/2014,29.63,29.66,29.75,29.49,0
8/21/2014,29.62,29.75,29.76,29.56,-0.01
8/20/2014,29.77,29.85,29.85,29.65,0
8/19/2014,29.86,29.78,29.89,29.72,0.01
8/18/2014,29.64,29.36,29.75,29.33,0.02
8/15/2014,29.19,29.38,29.47,29.04,0
8/14/2014,29.23,29.33,29.39,29.05,0
8/13/2014,29.23,28.82,29.31,28.76,0.02
8/12/2014,28.61,28.75,28.8,28.5,-0.01
8/11/2014,28.86,28.95,28.98,28.76,0
8/8/2014,28.9,28.6,28.98,28.45,0.01
8/7/2014,28.59,28.8,28.92,28.47,0
8/6/2014,28.72,28.48,28.93,28.37,0
8/5/2014,28.66,28.97,29.01,28.52,-0.02
8/4/2014,29.11,28.83,29.19,28.61,0.02
8/1/2014,28.68,28.93,29.17,28.52,-0.01
7/31/2014,28.98,29.45,29.6,28.88,-0.03
7/30/2014,29.77,29.79,29.92,29.64,0
7/29/2014,29.7,29.89,29.92,29.61,-0.01
7/28/2014,29.95,29.89,30.05,29.63,0
7/25/2014,29.9,29.96,30.05,29.79,-0.01
7/24/2014,30.15,30.28,30.45,30.05,0
7/23/2014,30.26,30.1,30.35,30.07,0
7/22/2014,30.18,29.98,30.44,29.96,0.01
7/21/2014,29.92,30.07,30.21,29.72,-0.01
7/18/2014,30.26,30.15,30.34,29.55,0.04
7/17/2014,29.04,29.45,29.48,28.84,-0.02
7/16/2014,29.53,29.84,29.85,29.51,0
7/15/2014,29.65,29.76,29.76,29.27,0
7/14/2014,29.71,29.53,29.74,29.33,0.01
7/11/2014,29.33,29.05,29.41,29.03,0.01
7/10/2014,29,28.65,29.26,28.61,-0.01
7/9/2014,29.17,28.95,29.2,28.85,0.01
7/8/2014,28.92,29.32,29.4,28.7,-0.02
7/7/2014,29.54,29.68,29.78,29.4,0
7/3/2014,29.65,29.59,29.71,29.45,0
7/2/2014,29.54,29.61,29.71,29.46,0
7/1/2014,29.57,29.38,29.68,29.31,0.01
6/30/2014,29.23,29.34,29.39,29.16,0
6/27/2014,29.28,29.27,29.39,29.13,0
6/26/2014,29.24,29.46,29.48,28.98,0
6/25/2014,29.3,28.68,29.36,28.66,0.02
6/24/2014,28.63,28.71,29.11,28.46,0
6/23/2014,28.71,28.22,28.72,28.18,0.01
6/20/2014,28.33,28.32,28.34,27.97,0
6/19/2014,28.25,28.06,28.25,27.83,0.01
6/18/2014,28.03,27.64,28.07,27.58,0.02
6/17/2014,27.53,27.62,27.69,27.37,0
6/16/2014,27.61,27.86,27.9,27.5,-0.01
6/13/2014,28.02,28,28.03,27.69,0
6/12/2014,27.98,28.35,28.35,27.86,-0.01
6/11/2014,28.38,28.3,28.45,28.18,0
6/10/2014,28.41,28.44,28.6,28.31,0
6/9/2014,28.54,28.34,28.6,28.26,0.01
6/6/2014,28.3,28.41,28.44,27.98,0
6/5/2014,28.25,27.86,28.25,27.75,0.02
6/4/2014,27.69,27.58,27.93,27.43,0
6/3/2014,27.73,28.05,28.12,27.63,-0.02
6/2/2014,28.22,28.49,28.52,27.84,-0.01
5/30/2014,28.58,28.58,28.63,28.29,0
5/29/2014,28.53,28.67,28.67,28.42,0
5/28/2014,28.52,28.73,28.88,28.5,-0.01
5/27/2014,28.74,28.39,28.74,28.21,0.02
5/23/2014,28.19,27.91,28.25,27.71,0.02
5/22/2014,27.77,27.61,27.9,27.55,0.01
5/21/2014,27.48,27.14,27.49,27.11,0.02
5/20/2014,27.02,27,27.32,26.83,0
5/19/2014,26.94,26.44,26.97,26.28,0.02
5/16/2014,26.41,26.48,26.54,26.18,0
5/15/2014,26.46,26.66,26.7,26.27,-0.01
5/14/2014,26.72,27.09,27.09,26.66,-0.01
5/13/2014,27.08,26.98,27.2,26.89,0.01
5/12/2014,26.92,26.59,26.94,26.38,0.02
5/9/2014,26.33,25.93,26.37,25.71,0.01
5/8/2014,26.01,25.79,26.37,25.72,0
5/7/2014,25.9,26.16,26.22,25.55,-0.01
5/6/2014,26.13,26.67,26.73,26.11,-0.02
5/5/2014,26.77,26.51,26.79,26.38,0
5/2/2014,26.69,27.07,27.12,26.66,-0.01
5/1/2014,26.93,26.71,27,26.64,0.01
4/30/2014,26.74,26.76,26.82,26.45,0
4/29/2014,26.82,26.19,26.89,26.15,0.03
4/28/2014,26.15,26.29,26.3,25.55,0
4/25/2014,26.16,26.61,26.69,26.12,-0.02
4/24/2014,26.72,27.08,27.12,26.55,-0.01
4/23/2014,26.88,27.18,27.24,26.41,-0.01
4/22/2014,27.27,26.8,27.4,26.8,0.01
4/21/2014,26.97,27.2,27.2,26.7,-0.01
4/17/2014,27.17,27.82,27.85,26.97,-0.04
4/16/2014,28.2,27.89,28.2,27.66,0.03
4/15/2014,27.43,27.55,27.64,26.53,0.01
4/14/2014,27.26,27.18,27.65,27.03,0.01
4/11/2014,26.89,26.9,27.38,26.67,-0.02
4/10/2014,27.33,28.4,28.41,27.27,-0.04
4/9/2014,28.35,28.29,28.39,27.77,0.02
4/8/2014,27.88,27.25,27.99,27.23,0.03
4/7/2014,27.03,27.24,27.49,26.53,-0.01
4/4/2014,27.26,28.93,28.99,27.22,-0.05
4/3/2014,28.57,28.67,29.41,28.3,0.01
4/2/2014,28.41,28.58,28.65,28.13,0
4/1/2014,28.4,28.03,28.47,27.98,0.02
3/31/2014,27.89,28.29,28.4,27.85,-0.01
3/28/2014,28.03,28,28.36,27.97,0.01
3/27/2014,27.88,28.3,28.33,27.58,-0.02
3/26/2014,28.33,29.08,29.32,28.31,-0.02
3/25/2014,29,29.18,29.27,28.7,0
3/24/2014,28.98,29.63,29.65,28.68,-0.02
3/21/2014,29.6,30.19,30.27,29.59,-0.01
3/20/2014,29.96,30.03,30.27,29.91,0
3/19/2014,30.01,30.32,30.33,29.89,-0.01
3/18/2014,30.31,29.9,30.32,29.86,0.02
3/17/2014,29.83,29.51,29.96,29.48,0.02
3/14/2014,29.35,29.58,29.8,29.34,-0.01
3/13/2014,29.76,30.23,30.29,29.65,-0.01
3/12/2014,30.21,29.94,30.23,29.63,0.01
3/11/2014,30.03,30.37,30.39,29.95,-0.01
3/10/2014,30.32,30.42,30.47,30.13,0
3/7/2014,30.4,30.7,30.7,30.32,0
3/6/2014,30.52,30.59,30.68,30.49,0
3/5/2014,30.49,30.41,30.61,30.31,0
3/4/2014,30.4,30.4,30.43,30.27,0.01
3/3/2014,30.1,30.2,30.23,29.83,-0.01
2/28/2014,30.42,30.54,30.63,30.18,0
2/27/2014,30.51,30.49,30.64,30.45,0
2/26/2014,30.53,30.63,30.75,30.37,0
2/25/2014,30.53,30.43,30.64,30.29,0.01
2/24/2014,30.34,30.16,30.53,30.16,0.01
2/21/2014,30.12,30.22,30.28,30.1,0
2/20/2014,30.13,30.11,30.2,30.03,0
2/19/2014,30.09,30.16,30.26,29.97,-0.01
2/18/2014,30.3,30.06,30.35,30.03,0.01
2/14/2014,30.1,29.92,30.14,29.85,0
2/13/2014,30.03,29.55,30.03,29.52,0.01
2/12/2014,29.7,29.75,29.78,29.56,0
2/11/2014,29.78,29.53,29.83,29.33,0.01
2/10/2014,29.35,29.32,29.59,29.25,0
2/7/2014,29.46,29.22,29.48,29.04,0.01
2/6/2014,29.03,28.81,29.03,28.72,0.01
2/5/2014,28.61,28.61,28.8,28.23,0
2/4/2014,28.48,28.48,28.9,28.45,0
2/3/2014,28.36,29.51,29.57,28.33,-0.04
1/31/2014,29.55,29.31,29.69,28.81,0.04
1/30/2014,28.41,28.65,28.84,28.21,0.03
1/29/2014,27.7,28.01,28.07,27.51,-0.01
1/28/2014,28.1,27.78,28.17,27.78,0.02
1/27/2014,27.56,28.18,28.19,27.08,-0.02
1/24/2014,28.12,28.8,28.87,28.1,-0.03
1/23/2014,29.03,29.03,29.09,28.89,0
1/22/2014,29.15,29.19,29.23,29,0
1/21/2014,29.12,29.05,29.13,28.81,0.01
1/17/2014,28.79,28.95,29.04,28.63,0
1/16/2014,28.93,28.76,28.98,28.73,0.01
1/15/2014,28.74,28.85,28.9,28.62,0
1/14/2014,28.76,28.48,28.8,28.23,0.02
1/13/2014,28.1,28.19,28.7,27.96,-0.01
1/10/2014,28.28,28.5,28.5,28.08,0
1/9/2014,28.28,28.61,28.63,28.17,-0.01
1/8/2014,28.56,28.68,28.71,28.36,0
1/7/2014,28.5,28.15,28.52,28.06,0.02
1/6/2014,27.96,27.85,28,27.69,0.01
1/3/2014,27.65,27.9,27.95,27.65,-0.01
1/2/2014,27.85,27.91,27.97,27.73,-0.01
12/31/2013,28.04,27.83,28.05,27.68,0.01
12/30/2013,27.76,28.04,28.04,27.75,-0.01
12/27/2013,27.99,28.03,28.03,27.85,0
12/26/2013,27.96,27.88,28,27.74,0.01
12/24/2013,27.82,27.9,27.91,27.73,0
12/23/2013,27.9,27.72,27.92,27.65,0.01
12/20/2013,27.54,27.23,27.56,27.23,0.01
12/19/2013,27.18,27.05,27.33,27,0
12/18/2013,27.15,26.82,27.15,26.5,0.01
12/17/2013,26.77,26.85,27.05,26.74,0
12/16/2013,26.85,26.63,26.89,26.58,0.01
12/13/2013,26.55,26.91,26.93,26.47,-0.01
12/12/2013,26.77,27.02,27.1,26.75,-0.01
12/11/2013,26.96,27.21,27.31,26.91,-0.01
12/10/2013,27.14,26.93,27.33,26.92,0.01
12/9/2013,26.98,26.8,27.08,26.73,0.01
12/6/2013,26.77,26.77,26.78,26.53,0.01
12/5/2013,26.46,26.46,26.52,26.3,0
12/4/2013,26.48,26.31,26.63,26.28,0
12/3/2013,26.36,26.3,26.61,26.25,0
12/2/2013,26.39,26.61,26.68,26.29,0
11/29/2013,26.52,26.58,26.69,26.51,0
11/27/2013,26.6,26.58,26.73,26.53,0
11/26/2013,26.49,26.24,26.56,26.1,0.01
11/25/2013,26.17,25.95,26.36,25.9,0.01
11/22/2013,25.82,25.86,25.93,25.76,0
11/21/2013,25.88,25.7,25.98,25.67,0.01
11/20/2013,25.58,25.77,25.86,25.53,0
11/19/2013,25.65,25.82,25.89,25.6,-0.01
11/18/2013,25.81,25.92,26.24,25.76,0
11/15/2013,25.86,25.9,25.98,25.78,0
11/14/2013,25.91,25.87,26.02,25.78,0
11/13/2013,25.84,25.19,25.85,25.19,0.02
11/12/2013,25.32,25.22,25.46,25.15,0
11/11/2013,25.29,25.26,25.42,25.22,-0.01
11/8/2013,25.43,25.24,25.49,25.24,0.01
11/7/2013,25.22,25.59,25.62,25.22,-0.01
11/6/2013,25.59,25.66,25.7,25.41,0
11/5/2013,25.56,25.53,25.82,25.46,0
11/4/2013,25.68,25.81,25.83,25.58,0
11/1/2013,25.7,25.82,25.93,25.65,0
10/31/2013,25.79,25.75,26.06,25.62,0
10/30/2013,25.79,25.96,25.96,25.67,-0.01
10/29/2013,25.93,25.5,25.95,25.36,0.02
10/28/2013,25.4,25.4,25.61,25.35,0
10/25/2013,25.4,25.75,25.75,25.29,-0.01
10/24/2013,25.66,25.82,26.04,25.64,-0.01
10/23/2013,25.81,25.05,25.89,25.04,0.02
10/22/2013,25.2,25.15,25.35,24.92,0
10/21/2013,25.11,25.31,25.5,25.01,-0.01
10/18/2013,25.31,24.44,25.41,24.37,0.14
10/17/2013,22.24,22.35,22.44,22.16,-0.01
10/16/2013,22.47,22.17,22.48,22.12,0.02
10/15/2013,22.07,21.92,22.16,21.87,0.01
10/14/2013,21.92,21.69,21.93,21.66,0
10/11/2013,21.82,21.67,21.86,21.65,0
10/10/2013,21.73,21.62,21.74,21.53,0.01
10/9/2013,21.42,21.43,21.59,21.09,0
10/8/2013,21.36,21.65,21.67,21.31,-0.01
10/7/2013,21.66,21.71,21.87,21.62,-0.01
10/4/2013,21.83,21.9,21.96,21.77,0
10/3/2013,21.92,22.22,22.37,21.82,-0.01
10/2/2013,22.22,22.09,22.26,21.97,0
10/1/2013,22.2,22.03,22.21,22.02,0.01
9/30/2013,21.92,21.75,22.04,21.73,0
9/27/2013,21.93,21.89,21.96,21.8,0
9/26/2013,21.98,21.98,22.09,21.9,0
9/25/2013,21.95,22.19,22.19,21.91,-0.01
9/24/2013,22.19,22.18,22.27,22.06,0
9/23/2013,22.18,22.43,22.56,22.15,-0.02
9/20/2013,22.6,22.48,22.63,22.41,0.01
9/19/2013,22.48,22.67,22.67,22.41,-0.01
9/18/2013,22.6,22.18,22.62,22.1,0.02
9/17/2013,22.17,22.21,22.23,22.05,0
9/16/2013,22.22,22.43,22.45,22.14,0
9/13/2013,22.25,22.38,22.41,22.14,0
9/12/2013,22.35,22.46,22.47,22.27,0
9/11/2013,22.43,22.24,22.45,22.17,0.01
9/10/2013,22.24,22.27,22.32,22.12,0
9/9/2013,22.22,22.11,22.27,22.08,0.01
9/6/2013,22.01,22.08,22.12,21.86,0
9/5/2013,22.01,21.86,22.02,21.81,0.01
9/4/2013,21.81,21.53,21.86,21.4,0.01
9/3/2013,21.53,21.38,21.68,21.37,0.02
8/30/2013,21.19,21.41,21.47,21.16,-0.01
8/29/2013,21.41,21.25,21.53,21.24,0.01
8/28/2013,21.23,21.28,21.41,21.21,0
8/27/2013,21.27,21.51,21.61,21.22,-0.02
8/26/2013,21.68,21.77,21.89,21.67,0
8/23/2013,21.78,21.97,21.97,21.76,0
8/22/2013,21.86,21.84,21.89,21.78,0.01
8/21/2013,21.75,21.79,21.94,21.68,0
8/20/2013,21.66,21.73,21.82,21.61,0
8/19/2013,21.66,21.46,21.82,21.46,0.01
8/16/2013,21.44,21.55,21.58,21.43,0
8/15/2013,21.51,21.63,21.64,21.47,-0.01
8/14/2013,21.77,21.98,22.03,21.7,-0.01
8/13/2013,22.05,22.19,22.23,21.93,-0.01
8/12/2013,22.16,22.19,22.2,22.06,-0.01
8/9/2013,22.28,22.29,22.41,22.27,0
8/8/2013,22.34,22.41,22.42,22.15,0
8/7/2013,22.29,22.4,22.48,22.25,-0.01
8/6/2013,22.44,22.64,22.76,22.41,-0.01
8/5/2013,22.65,22.66,22.66,22.5,0
8/2/2013,22.69,22.61,22.7,22.54,0
8/1/2013,22.63,22.4,22.64,22.4,0.02
7/31/2013,22.22,22.35,22.43,22.18,0
7/30/2013,22.29,22.16,22.41,22.04,0.01
7/29/2013,22.08,22.14,22.39,22.04,0
7/26/2013,22.16,22.2,22.27,22.07,0
7/25/2013,22.21,22.37,22.44,22.17,-0.02
7/24/2013,22.59,22.7,22.78,22.54,0
7/23/2013,22.62,22.79,22.85,22.51,-0.01
7/22/2013,22.79,22.57,22.84,22.45,0.02
7/19/2013,22.44,22.19,22.6,21.91,-0.02
7/18/2013,22.79,23,23.02,22.6,-0.01
7/17/2013,22.99,23.05,23.19,22.93,0
7/16/2013,23.01,23.2,23.22,22.87,-0.01
7/15/2013,23.14,23.13,23.22,22.93,0
7/12/2013,23.1,23.02,23.1,22.9,0
7/11/2013,23.03,22.85,23.04,22.74,0.02
7/10/2013,22.67,22.61,22.8,22.53,0
7/9/2013,22.65,22.8,22.85,22.47,0
7/8/2013,22.65,22.5,22.68,22.45,0.01
7/5/2013,22.36,22.27,22.41,22.21,0.01
7/3/2013,22.18,22.02,22.25,21.98,0
7/2/2013,22.08,22.28,22.3,21.95,-0.01
7/1/2013,22.22,22.18,22.32,22.15,0.01
6/28/2013,22.03,21.89,22.07,21.88,0
6/27/2013,21.95,21.99,22.14,21.94,0
6/26/2013,21.86,21.86,21.97,21.79,0.01
6/25/2013,21.68,21.95,22.01,21.63,0
6/24/2013,21.77,21.82,21.93,21.6,-0.01
6/21/2013,22.04,22.23,22.27,21.85,0
6/20/2013,22.14,22.37,22.55,22.1,-0.02
6/19/2013,22.54,22.56,22.79,22.46,0
6/18/2013,22.54,22.24,22.55,22.23,0.02
6/17/2013,22.18,22,22.26,21.98,0.01
6/14/2013,21.9,22.02,22.14,21.87,0
6/13/2013,21.95,21.75,22.01,21.66,0.01
6/12/2013,21.82,22.16,22.17,21.76,-0.01
6/11/2013,22.02,22.12,22.2,22.01,-0.01
6/10/2013,22.28,22.07,22.3,22.02,0.01
6/7/2013,22.01,21.78,22.02,21.65,0.02
6/6/2013,21.64,21.63,21.68,21.2,0.01
6/5/2013,21.51,21.58,21.76,21.45,0
6/4/2013,21.5,21.72,21.79,21.37,-0.01
6/3/2013,21.71,21.85,21.87,21.4,0
5/31/2013,21.8,21.72,21.95,21.71,0
5/30/2013,21.79,21.77,21.99,21.68,0
5/29/2013,21.73,21.91,21.97,21.63,-0.01
5/28/2013,22.05,22.11,22.33,22.03,0.01
5/24/2013,21.85,21.9,21.99,21.8,-0.01
5/23/2013,22.09,21.95,22.27,21.87,-0.01
5/22/2013,22.26,22.59,22.75,22.19,-0.02
5/21/2013,22.7,22.72,22.81,22.46,0
5/20/2013,22.74,22.65,23.04,22.65,0
5/17/2013,22.75,22.77,22.86,22.53,0.01
5/16/2013,22.62,23,23.02,22.57,-0.01
5/15/2013,22.92,22.41,22.93,22.37,0.03
5/14/2013,22.2,21.96,22.24,21.95,0.01
5/13/2013,21.96,21.99,22.08,21.86,0
5/10/2013,22.03,21.9,22.03,21.83,0.01
5/9/2013,21.81,21.79,22.01,21.73,0
5/8/2013,21.86,21.45,21.87,21.34,0.02
5/7/2013,21.45,21.6,21.62,21.29,-0.01
5/6/2013,21.56,21.23,21.57,21.23,0.02
5/3/2013,21.16,20.94,21.19,20.92,0.02
5/2/2013,20.76,20.52,20.88,20.5,0.01
5/1/2013,20.53,20.6,20.64,20.43,0
4/30/2013,20.63,20.49,20.71,20.46,0.01
4/29/2013,20.5,20.1,20.59,20.09,0.02
4/26/2013,20.05,20.21,20.21,19.93,-0.01
4/25/2013,20.25,20.43,20.43,20.21,-0.01
4/24/2013,20.36,20.22,20.47,20.22,0.01
4/23/2013,20.22,20.04,20.41,20.03,0.01
4/22/2013,20.02,20.03,20.12,19.39,0
4/19/2013,20.02,19.25,20.11,19.18,0.04
4/18/2013,19.17,19.65,19.66,19.05,-0.02
4/17/2013,19.58,19.69,19.79,19.47,-0.01
4/16/2013,19.85,19.68,19.92,19.62,0.01
4/15/2013,19.57,19.67,19.94,19.44,-0.01
4/12/2013,19.77,19.82,19.82,19.59,0
4/11/2013,19.78,19.84,19.85,19.62,0
4/10/2013,19.77,19.59,19.83,19.42,0.02
4/9/2013,19.46,19.41,19.61,19.35,0
4/8/2013,19.39,19.49,19.51,19.23,-0.01
4/5/2013,19.6,19.67,19.69,19.43,-0.02
4/4/2013,19.9,20.13,20.16,19.8,-0.01
4/3/2013,20.17,20.36,20.37,20.04,-0.01
4/2/2013,20.35,20.13,20.39,20.12,0.02
4/1/2013,20.05,19.89,20.08,19.85,0.01
3/28/2013,19.87,20.12,20.15,19.85,-0.01
3/27/2013,20.09,20.19,20.19,20.05,-0.01
3/26/2013,20.33,20.36,20.37,20.21,0
3/25/2013,20.26,20.33,20.5,20.19,0
3/22/2013,20.28,20.39,20.4,20.26,0
3/21/2013,20.3,20.3,20.44,20.27,0
3/20/2013,20.39,20.44,20.46,20.31,0
3/19/2013,20.3,20.3,20.5,20.18,0
3/18/2013,20.21,20.14,20.34,20.06,-0.01
3/15/2013,20.38,20.48,20.53,20.35,-0.01
3/14/2013,20.56,20.69,20.69,20.45,0
3/13/2013,20.65,20.72,20.79,20.58,0
3/12/2013,20.71,20.79,20.82,20.61,-0.01
3/11/2013,20.89,20.81,21.01,20.81,0
3/8/2013,20.81,20.88,20.89,20.65,0
3/7/2013,20.84,20.87,20.94,20.76,0
3/6/2013,20.8,21.05,21.12,20.74,-0.01
3/5/2013,20.99,20.74,21.02,20.74,0.02
3/4/2013,20.56,20.15,20.59,20.14,0.02
3/1/2013,20.17,19.96,20.2,19.92,0.01
2/28/2013,20.05,20.05,20.19,20.05,0
2/27/2013,20.01,19.89,20.14,19.8,0.01
2/26/2013,19.77,19.89,19.92,19.63,0
2/25/2013,19.79,20.08,20.23,19.78,-0.01
2/22/2013,20.01,20,20.05,19.86,0.01
2/21/2013,19.91,19.97,20.16,19.8,0
2/20/2013,19.83,20.15,20.24,19.81,-0.02
2/19/2013,20.19,19.92,20.19,19.9,0.02
2/15/2013,19.84,19.7,19.85,19.7,0.01
2/14/2013,19.71,19.51,19.74,19.46,0.01
2/13/2013,19.59,19.52,19.65,19.52,0
2/12/2013,19.54,19.56,19.72,19.5,0
2/11/2013,19.58,19.48,19.59,19.36,0
2/8/2013,19.65,19.52,19.69,19.51,0.01
2/7/2013,19.37,19.26,19.49,19.16,0.01
2/6/2013,19.27,19,19.34,18.98,0.01
2/5/2013,19.16,19.05,19.3,19.01,0.01
2/4/2013,18.99,19.21,19.28,18.98,-0.02
2/1/2013,19.41,18.97,19.43,18.97,0.03
1/31/2013,18.91,18.78,18.96,18.77,0
1/30/2013,18.86,18.86,19.04,18.84,0
1/29/2013,18.86,18.69,18.94,18.68,0
1/28/2013,18.79,18.81,18.91,18.72,0
1/25/2013,18.86,18.79,18.98,18.77,0
1/24/2013,18.86,18.55,18.94,18.53,0.02
1/23/2013,18.56,18.42,18.74,18.41,0.06
1/22/2013,17.59,17.63,17.65,17.4,0
1/18/2013,17.63,17.78,17.84,17.55,-0.01
1/17/2013,17.8,17.96,18.01,17.79,-0.01
1/16/2013,17.9,18.08,18.13,17.86,-0.01
1/15/2013,18.14,18,18.39,17.82,0
1/14/2013,18.1,18.44,18.57,18.08,-0.02
1/11/2013,18.52,18.57,18.58,18.43,0
1/10/2013,18.55,18.59,18.64,18.36,0
1/9/2013,18.47,18.32,18.48,18.23,0.01
1/8/2013,18.35,18.41,18.43,18.13,0
1/7/2013,18.39,18.4,18.5,18.28,0
1/4/2013,18.47,18.25,18.55,18.21,0.02
1/3/2013,18.11,18.14,18.32,18.04,0
1/2/2013,18.1,18,18.19,17.93,0.02
12/31/2012,17.7,17.52,17.78,17.42,0.01
12/28/2012,17.52,17.56,17.69,17.52,-0.01
12/27/2012,17.67,17.7,17.74,17.48,0
12/26/2012,17.74,17.72,17.84,17.58,0
12/24/2012,17.75,17.88,17.9,17.7,-0.01
12/21/2012,17.91,17.87,17.99,17.78,-0.01
12/20/2012,18.08,18.1,18.13,17.94,0
12/19/2012,18.02,18.04,18.09,17.93,0
12/18/2012,18.04,17.93,18.25,17.89,0
12/17/2012,18.04,17.65,18.47,17.62,0.03
12/14/2012,17.57,17.5,17.71,17.48,0
12/13/2012,17.58,17.92,17.93,17.51,0.01
12/12/2012,17.46,17.5,17.6,17.35,0
12/11/2012,17.44,17.27,17.57,17.21,0.02
12/10/2012,17.15,17.15,17.31,17.11,0
12/7/2012,17.12,17.39,17.44,17.08,-0.01
12/6/2012,17.3,17.21,17.41,17.13,0.01
12/5/2012,17.21,17.32,17.38,17.07,0
12/4/2012,17.29,17.39,17.4,17.16,-0.01
12/3/2012,17.4,17.57,17.66,17.37,0
11/30/2012,17.48,17.3,17.5,17.16,0.01
11/29/2012,17.31,17.21,17.36,17.07,0.01
11/28/2012,17.11,16.72,17.14,16.61,0.02
11/27/2012,16.78,16.52,16.89,16.47,0.01
11/26/2012,16.54,16.68,16.69,16.49,-0.01
11/23/2012,16.72,16.77,16.77,16.67,0
11/21/2012,16.66,16.74,16.76,16.53,-0.01
11/20/2012,16.77,16.75,16.97,16.63,0
11/19/2012,16.72,16.41,16.74,16.4,0.03
11/16/2012,16.2,16.17,16.34,15.92,0
11/15/2012,16.2,16.27,16.52,16.11,-0.01
11/14/2012,16.33,16.53,16.57,16.28,-0.01
11/13/2012,16.49,16.59,16.71,16.47,-0.01
11/12/2012,16.66,16.61,16.76,16.54,0
11/9/2012,16.59,16.38,16.72,16.27,0.02
11/8/2012,16.32,16.77,16.8,16.3,-0.02
11/7/2012,16.69,16.89,16.97,16.68,-0.02
11/6/2012,17.06,17.15,17.18,16.96,0
11/5/2012,17.09,17.13,17.19,16.91,-0.01
11/2/2012,17.21,17.39,17.41,17.2,0
11/1/2012,17.21,17,17.29,16.98,0.01
10/31/2012,17.02,17.01,17.04,16.89,0.01
10/26/2012,16.9,16.93,17.09,16.8,0
10/25/2012,16.96,17.02,17.07,16.85,0
10/24/2012,16.95,17.19,17.19,16.9,0
10/23/2012,17.03,16.82,17.2,16.82,0
10/22/2012,16.98,17.04,17.13,16.76,0
10/19/2012,17.06,17.66,17.68,16.82,-0.02
10/18/2012,17.39,18.91,19,16.92,-0.08
10/17/2012,18.91,18.62,18.93,18.52,0.01
10/16/2012,18.64,18.52,18.69,18.43,0.01
10/15/2012,18.54,18.57,18.61,18.29,-0.01
10/12/2012,18.64,18.81,18.89,18.62,-0.01
10/11/2012,18.81,18.84,18.98,18.78,0.01
10/10/2012,18.63,18.56,18.71,18.48,0
10/9/2012,18.62,19.01,19.05,18.58,-0.02
10/8/2012,18.96,19.04,19.11,18.87,-0.01
10/5/2012,19.21,19.29,19.38,19.14,0
10/4/2012,19.22,19.09,19.27,19,0.01
10/3/2012,19.08,18.91,19.12,18.82,0.01
10/2/2012,18.94,19.15,19.17,18.77,-0.01
10/1/2012,19.06,18.99,19.14,18.92,0.01
9/28/2012,18.88,18.87,19,18.8,0
9/27/2012,18.93,19.02,19.09,18.81,0
9/26/2012,18.85,18.76,19.05,18.54,0.01
9/25/2012,18.75,18.84,19.14,18.71,0
9/24/2012,18.75,18.29,18.77,18.27,0.02
9/21/2012,18.37,18.32,18.39,18.27,0.01
9/20/2012,18.22,18.13,18.3,18.05,0
9/19/2012,18.21,17.95,18.23,17.93,0.01
9/18/2012,17.97,17.71,17.98,17.69,0.01
9/17/2012,17.77,17.72,17.84,17.64,0
9/14/2012,17.76,17.76,17.84,17.69,0.01
9/13/2012,17.67,17.34,17.74,17.28,0.02
9/12/2012,17.29,17.25,17.39,17.04,0
9/11/2012,17.32,17.47,17.53,17.29,-0.01
9/10/2012,17.54,17.76,17.84,17.48,-0.01
9/7/2012,17.67,17.52,17.82,17.46,0.01
9/6/2012,17.5,17.17,17.51,17.13,0.03
9/5/2012,17.03,17.02,17.18,16.99,0
9/4/2012,17.04,17.13,17.14,16.85,-0.01
8/31/2012,17.14,17.12,17.23,17.02,0
8/30/2012,17.06,17.12,17.2,17.02,-0.01
8/29/2012,17.22,16.95,17.24,16.92,0.02
8/28/2012,16.95,16.64,16.96,16.63,0.01
8/27/2012,16.75,16.59,16.82,16.5,-0.01
8/24/2012,16.98,16.91,17.03,16.87,0
8/23/2012,16.94,16.87,17.03,16.79,0
8/22/2012,16.95,16.7,17.03,16.68,0.01
8/21/2012,16.75,16.84,16.97,16.57,-0.01
8/20/2012,16.9,16.9,16.99,16.83,0
8/17/2012,16.94,16.87,16.95,16.81,0.01
8/16/2012,16.84,16.7,16.88,16.69,0.01
8/15/2012,16.7,16.77,16.87,16.62,0
8/14/2012,16.73,16.5,16.84,16.49,0.01
8/13/2012,16.52,16.2,16.52,16.18,0.03
8/10/2012,16.07,15.98,16.07,15.92,0
8/9/2012,16.07,16.13,16.17,16.05,0
8/8/2012,16.07,15.99,16.16,15.98,0
8/7/2012,16.03,16.06,16.12,15.93,0
8/6/2012,16.09,16.01,16.25,16,0
8/3/2012,16.05,16.02,16.11,15.92,0.02
8/2/2012,15.73,15.65,15.97,15.6,-0.01
8/1/2012,15.83,15.95,16,15.8,0
7/31/2012,15.84,15.72,15.93,15.72,0
7/30/2012,15.82,15.92,16.08,15.75,0
7/27/2012,15.89,15.49,15.89,15.45,0.04
7/26/2012,15.35,15.39,15.44,15.27,0.01
7/25/2012,15.21,15.22,15.35,15.15,0
7/24/2012,15.2,15.39,15.46,15.12,-0.01
7/23/2012,15.4,15.03,15.47,14.97,0.01
7/20/2012,15.29,15.23,15.34,14.97,0.03
7/19/2012,14.84,14.67,14.98,14.66,0.02
7/18/2012,14.53,14.44,14.61,14.42,0.01
7/17/2012,14.43,14.47,14.53,14.22,0
7/16/2012,14.39,14.42,14.49,14.31,0
7/13/2012,14.43,14.32,14.49,14.23,0.01
7/12/2012,14.28,14.19,14.31,14.07,0
7/11/2012,14.29,14.42,14.46,14.14,-0.02
7/10/2012,14.56,14.77,14.83,14.48,-0.01
7/9/2012,14.66,14.64,14.73,14.55,0
7/6/2012,14.66,14.83,14.85,14.58,-0.02
7/5/2012,14.91,14.73,15.02,14.73,0.01
7/3/2012,14.71,14.51,14.72,14.46,0.01
7/2/2012,14.53,14.56,14.59,14.43,0
6/29/2012,14.52,14.39,14.52,14.32,0.03
6/28/2012,14.12,14.16,14.17,13.94,-0.01
6/27/2012,14.25,14.21,14.36,14.16,0.01
6/26/2012,14.13,14.08,14.18,14,0.01
6/25/2012,14.03,14.2,14.22,13.95,-0.02
6/22/2012,14.3,14.21,14.3,14.16,0.01
6/21/2012,14.14,14.51,14.51,14.11,-0.02
6/20/2012,14.45,14.51,14.51,14.35,-0.01
6/19/2012,14.55,14.35,14.62,14.34,0.02
6/18/2012,14.29,14.08,14.37,13.99,0.01
6/15/2012,14.13,14.02,14.13,13.94,0.01
6/14/2012,13.99,14.05,14.14,13.93,0
6/13/2012,14.04,14.06,14.19,13.98,-0.01
6/12/2012,14.14,14.26,14.27,13.98,-0.01
6/11/2012,14.23,14.62,14.65,14.18,-0.02
6/8/2012,14.53,14.41,14.54,14.38,0
6/7/2012,14.47,14.7,14.71,14.45,0
6/6/2012,14.53,14.43,14.56,14.35,0.02
6/5/2012,14.27,14.4,14.47,14.18,-0.01
6/4/2012,14.48,14.27,14.53,14.26,0.01
6/1/2012,14.29,14.31,14.33,14.22,-0.02
5/31/2012,14.54,14.73,14.76,14.49,-0.01
5/30/2012,14.72,14.72,14.81,14.6,-0.01
5/29/2012,14.87,14.91,14.99,14.72,0
5/25/2012,14.8,15.04,15.06,14.72,-0.02
5/24/2012,15.11,15.24,15.31,14.99,-0.01
5/23/2012,15.25,15.06,15.25,14.94,0.01
5/22/2012,15.03,15.35,15.36,14.91,-0.02
5/21/2012,15.37,15.03,15.41,15.01,0.02
5/18/2012,15.02,15.64,15.83,14.93,-0.04
5/17/2012,15.59,15.86,15.96,15.55,-0.01
5/16/2012,15.74,15.46,15.77,15.41,0.03
5/15/2012,15.29,15.15,15.39,15.11,0.01
5/14/2012,15.11,15.03,15.23,15.03,0
5/11/2012,15.15,15.27,15.38,15.13,-0.01
5/10/2012,15.36,15.34,15.42,15.27,0.01
5/9/2012,15.24,15.19,15.42,15.06,-0.01
5/8/2012,15.33,15.15,15.44,15.03,0.01
5/7/2012,15.2,14.89,15.28,14.89,0.02
5/4/2012,14.94,15.16,15.21,14.93,-0.02
5/3/2012,15.29,15.26,15.39,15.24,0.01
5/2/2012,15.2,15.04,15.22,15.03,0
5/1/2012,15.13,15.11,15.3,15.02,0
4/30/2012,15.14,15.34,15.42,15.03,-0.02
4/27/2012,15.39,15.39,15.43,15.28,0
4/26/2012,15.4,15.29,15.46,15.26,0.01
4/25/2012,15.26,15.11,15.3,15.09,0.01
4/24/2012,15.05,14.97,15.18,14.95,0.01
4/23/2012,14.95,14.84,14.98,14.77,0
4/20/2012,14.92,15.12,15.24,14.91,-0.01
4/19/2012,15,15.16,15.42,14.99,-0.01
4/18/2012,15.2,15.22,15.33,15.08,0
4/17/2012,15.25,15.23,15.46,15.19,0.01
4/16/2012,15.17,15.59,15.61,15.06,-0.03
4/13/2012,15.63,16.2,16.24,15.6,-0.04
4/12/2012,16.29,16.07,16.34,16.02,0.02
4/11/2012,15.91,15.86,15.92,15.8,0.01
4/10/2012,15.69,15.85,15.88,15.63,-0.01
4/9/2012,15.79,15.73,15.9,15.65,0
4/5/2012,15.82,15.82,15.93,15.73,0
4/4/2012,15.89,15.98,15.99,15.79,-0.01
4/3/2012,16.08,16.15,16.21,15.98,-0.01
4/2/2012,16.19,16.03,16.2,15.89,0.01
3/30/2012,16.05,16.31,16.35,16.04,-0.01
3/29/2012,16.23,16.35,16.43,16.12,-0.01
3/28/2012,16.41,16.32,16.48,16.29,0.01
3/27/2012,16.19,16.19,16.35,16.14,0
3/26/2012,16.25,16.14,16.25,16,0.01
3/23/2012,16.08,16.18,16.23,16.04,-0.01
3/22/2012,16.17,15.98,16.24,15.79,0.01
3/21/2012,16.02,15.88,16.2,15.83,0.01
3/20/2012,15.85,15.79,15.92,15.7,0
3/19/2012,15.86,15.59,15.95,15.55,0.01
3/16/2012,15.64,15.54,15.66,15.52,0.01
3/15/2012,15.54,15.43,15.6,15.39,0.01
3/14/2012,15.41,15.39,15.58,15.35,0
3/13/2012,15.46,15.23,15.46,15.15,0.02
3/12/2012,15.14,15.01,15.19,15,0.01
3/9/2012,15.02,15.21,15.31,15.01,-0.01
3/8/2012,15.19,15.27,15.3,15.17,0
3/7/2012,15.18,15.24,15.29,15.16,0
3/6/2012,15.14,15.22,15.24,14.86,-0.02
3/5/2012,15.37,15.53,15.58,15.3,-0.01
3/2/2012,15.55,15.57,15.62,15.52,0
3/1/2012,15.58,15.57,15.66,15.47,0.01
2/29/2012,15.47,15.48,15.66,15.4,0
2/28/2012,15.47,15.26,15.51,15.21,0.01
2/27/2012,15.25,15.18,15.32,15.14,0
2/24/2012,15.26,15.2,15.31,15.15,0.01
2/23/2012,15.17,15.19,15.21,15.02,0
2/22/2012,15.21,15.31,15.43,15.18,-0.01
2/21/2012,15.36,15.11,15.46,15.09,0.02
2/17/2012,15.13,15.14,15.21,15.07,0
2/16/2012,15.18,15.09,15.24,14.96,0
2/15/2012,15.15,15.34,15.34,15.08,-0.01
2/14/2012,15.26,15.3,15.31,15.13,0
2/13/2012,15.32,15.28,15.36,15.27,0.01
2/10/2012,15.16,15.21,15.22,15.11,-0.01
2/9/2012,15.3,15.32,15.38,15.24,0
2/8/2012,15.26,15.23,15.3,15.13,0.01
2/7/2012,15.18,15.19,15.25,15.11,0
2/6/2012,15.24,14.89,15.29,14.86,0.02
2/3/2012,14.92,14.78,14.94,14.72,0.02
2/2/2012,14.64,14.64,14.67,14.57,0.01
2/1/2012,14.53,14.64,14.65,14.49,0
1/31/2012,14.52,14.59,14.61,14.39,0
1/30/2012,14.46,14.47,14.51,14.35,0
1/27/2012,14.51,14.28,14.52,14.25,0.02
1/26/2012,14.22,14.31,14.38,14.13,0
1/25/2012,14.25,14.45,14.48,14.17,-0.02
1/24/2012,14.54,14.67,14.71,14.46,-0.01
1/23/2012,14.65,14.66,14.73,14.59,0
1/20/2012,14.66,14.78,14.79,14.56,-0.08
1/19/2012,16,16.04,16.04,15.8,0.01
1/18/2012,15.84,15.68,15.87,15.57,0.01
1/17/2012,15.73,15.81,15.81,15.66,0.01
1/13/2012,15.64,15.67,15.69,15.54,-0.01
1/12/2012,15.76,15.8,15.84,15.68,0.01
1/11/2012,15.66,15.6,15.75,15.54,0
1/10/2012,15.59,15.76,15.86,15.44,0
1/9/2012,15.58,16.18,16.19,15.55,-0.04
1/6/2012,16.27,16.49,16.52,16.26,-0.01
1/5/2012,16.49,16.57,16.62,16.42,-0.01
1/4/2012,16.72,16.64,16.77,16.53,0
1/3/2012,16.65,16.34,16.72,16.33,0.03
